01:56:58.471 kotlinx.coroutines.scheduling.f
-><clinit>(0CD5.java:1)
null
--------------------
01:56:58.472 kotlinx.coroutines.internal.x
->a(0CD1.java:1)
null
--------------------
01:56:58.472 kotlinx.coroutines.internal.x
->a(0CD1.java:1)
null
--------------------
01:56:58.472 kotlinx.coroutines.internal.x
->a(0CD1.java:1)
null
--------------------
01:56:58.472 kotlinx.coroutines.internal.x
->a(0CD1.java:1)
null
--------------------
01:56:58.475 kotlinx.coroutines.internal.o
-><clinit>(0CCF.java:1)
null
--------------------
01:56:58.483 kotlinx.coroutines.internal.x
->a(0CD1.java:1)
null
--------------------
01:56:58.484 kotlinx.coroutines.internal.x
->a(0CD1.java:1)
null
--------------------
01:56:58.484 com.google.firebase.FirebaseCommonRegistrar
->getComponents(098C.java:1)
36
--------------------
01:56:58.484 com.google.firebase.FirebaseCommonRegistrar
->getComponents(098C.java:2)
onyx
--------------------
01:56:58.484 com.google.firebase.FirebaseCommonRegistrar
->getComponents(098C.java:3)
onyx
--------------------
01:56:58.484 com.google.firebase.FirebaseCommonRegistrar
->getComponents(098C.java:4)
Redmi
--------------------
01:56:58.486 com.applovin.adview.a
->b(01E1.java:1)
com.fort.vpn.privacy.secure
--------------------
01:56:58.486 Z5.r
-><clinit>(05D7.java:1)
com.fort.vpn.privacy.secure
--------------------
01:56:58.486 Z5.r
-><clinit>(05D7.java:4)
Y29tLmZvcnQudnBuLnByaXZhY3kuc2VjdXJl
--------------------
01:56:58.486 Z5.r
-><clinit>(05D7.java:5)
firebase_session_Y29tLmZvcnQudnBuLnByaXZhY3kuc2VjdXJl_data
--------------------
01:56:58.486 Z5.r
-><clinit>(05D7.java:6)
firebase_session_Y29tLmZvcnQudnBuLnByaXZhY3kuc2VjdXJl_settings
--------------------
01:56:58.487 kotlinx.coroutines.internal.x
->a(0CD1.java:1)
null
--------------------
01:56:58.487 kotlinx.coroutines.L
-><clinit>(0CC5.java:1)
null
--------------------
01:56:58.488 Z5.v
->a(05D8.java:1)
30
--------------------
01:56:58.489 okio.FileSystem
-><clinit>(0D48.java:1)
/data/user/0/com.fort.vpn.privacy.secure/cache
--------------------
01:56:58.490 kotlinx.coroutines.internal.x
->a(0CD1.java:1)
null
--------------------
01:56:58.490 kotlinx.coroutines.internal.x
->a(0CD1.java:1)
null
--------------------
01:56:58.491 n4.a
->b(0CE7.java:1)
W0RFRkFVTFRd
--------------------
01:56:58.491 o5.f
->d(0CEC.java:2)
W0RFRkFVTFRd
--------------------
01:56:58.491 n4.a
->b(0CE7.java:1)
MToxMDM4MzE0NjU0NTA6YW5kcm9pZDplMjkyMzc0MjE3NDA5YWE3OGM5Njkz
--------------------
01:56:58.491 o5.f
->d(0CEC.java:3)
MToxMDM4MzE0NjU0NTA6YW5kcm9pZDplMjkyMzc0MjE3NDA5YWE3OGM5Njkz
--------------------
01:56:58.493 com.google.android.gms.internal.measurement.l0
-><init>(08B7.java:1)
com.fort.vpn.privacy.secure
--------------------
01:56:58.494 com.google.firebase.iid.FirebaseInstanceId
-><init>(09B7.java:1)
103831465450
--------------------
01:56:58.495 com.google.android.gms.dynamite.DynamiteModule
->e(064F.java:3)
13324822
--------------------
01:56:58.498 com.google.firebase.iid.FirebaseInstanceId
->f(09B7.java:3)
103831465450
--------------------
01:56:58.498 com.google.firebase.iid.o
->b(09BE.java:5)

--------------------
01:56:58.498 com.google.firebase.iid.o
->b(09BE.java:6)
103831465450
--------------------
01:56:58.498 com.google.firebase.iid.FirebaseInstanceId
->g(09B7.java:4)
|T|103831465450|*
--------------------
01:56:58.500 com.google.firebase.crashlytics.internal.common.G
->a(0992.java:1)
Crashlytics automatic data collection ENABLED by global Firebase setting.
--------------------
01:56:58.501 com.google.firebase.messaging.FirebaseMessaging
->g(09C2.java:4)
com.google.android.gms
--------------------
01:56:58.501 com.google.firebase.messaging.FirebaseMessaging
->g(09C2.java:4)
com.google.android.gms
--------------------
01:56:58.502 com.google.firebase.crashlytics.internal.common.J
-><clinit>(0994.java:1)
\Q/\E
--------------------
01:56:58.503 com.google.firebase.crashlytics.internal.common.G
->a(0992.java:1)
Crashlytics automatic data collection ENABLED by global Firebase setting.
--------------------
01:56:58.504 com.cloud.hisavana.sdk.g1
->c(0367.java:2)
Could not find resources: 0 0 0
--------------------
01:56:58.504 com.cloud.hisavana.sdk.g1
->c(0367.java:3)
Mapping file ID is: a41ea06e7cb74a06afd372ebd48de1ad
--------------------
01:56:58.504 com.cloud.hisavana.sdk.g1
->c(0367.java:4)
30
--------------------
01:56:58.505 com.cloud.hisavana.sdk.g1
->c(0367.java:6)
Installer package name is: com.miui.packageinstaller
--------------------
01:56:58.505 com.cloud.hisavana.sdk.g1
->c(0367.java:7)
https://firebase-settings.crashlytics.com/spi/v2/platforms/android/gmp/1:103831465450:android:e292374217409aa78c9693/settings
--------------------
01:56:58.505 com.cloud.hisavana.sdk.g1
->c(0367.java:8)
Xiaomi/25053RT47C
--------------------
01:56:58.505 com.google.firebase.crashlytics.internal.common.f
->e(0998.java:1)
3bac89fc52f99c8582132ec2aba5026da93d43b6
--------------------
01:56:58.505 com.google.firebase.crashlytics.internal.common.f
->h(0998.java:2)
3bac89fc52f99c8582132ec2aba5026da93d43b6
--------------------
01:56:58.505 com.cloud.hisavana.sdk.g1
->c(0367.java:9)
3bac89fc52f99c8582132ec2aba5026da93d43b6
--------------------
01:56:58.506 kotlinx.coroutines.scheduling.CoroutineScheduler$Worker
->setIndexInArray(0CD2.java:1)
1
--------------------
01:56:58.506 kotlinx.coroutines.scheduling.CoroutineScheduler$Worker
->setIndexInArray(0CD2.java:1)
2
--------------------
01:56:58.506 com.google.firebase.crashlytics.internal.common.G
->a(0992.java:1)
Crashlytics automatic data collection ENABLED by global Firebase setting.
--------------------
01:56:58.506 kotlinx.coroutines.scheduling.CoroutineScheduler$Worker
->setIndexInArray(0CD2.java:1)
3
--------------------
01:56:58.508 C3.g
->b(0049.java:1)
4
--------------------
01:56:58.508 c0.c
->invoke(0193.java:1)
datastore/firebase_session_Y29tLmZvcnQudnBuLnByaXZhY3kuc2VjdXJl_settings.preferences_pb
--------------------
01:56:58.508 kotlin.text.StringsKt
->U(0CA8.java:12)
preferences_pb
--------------------
01:56:58.508 kotlin.io.FilesKt__UtilsKt
->getExtension(0C6D.java:2)
preferences_pb
--------------------
01:56:58.508 d0.e
->invoke(054F.java:1)
preferences_pb
--------------------
01:56:58.509 okio._JvmPlatformKt
->toUtf8String(0D55.java:1)
/data/user/0/com.fort.vpn.privacy.secure/files/datastore/firebase_session_Y29tLmZvcnQudnBuLnByaXZhY3kuc2VjdXJl_settings.preferences_pb
--------------------
01:56:58.509 okio.ByteString
->utf8(0D44.java:10)
/data/user/0/com.fort.vpn.privacy.secure/files/datastore/firebase_session_Y29tLmZvcnQudnBuLnByaXZhY3kuc2VjdXJl_settings.preferences_pb
--------------------
01:56:58.509 okio._JvmPlatformKt
->toUtf8String(0D55.java:1)
/data/user/0/com.fort.vpn.privacy.secure/files/datastore/firebase_session_Y29tLmZvcnQudnBuLnByaXZhY3kuc2VjdXJl_settings.preferences_pb
--------------------
01:56:58.509 okio.ByteString
->utf8(0D44.java:10)
/data/user/0/com.fort.vpn.privacy.secure/files/datastore/firebase_session_Y29tLmZvcnQudnBuLnByaXZhY3kuc2VjdXJl_settings.preferences_pb
--------------------
01:56:58.509 okio._JvmPlatformKt
->toUtf8String(0D55.java:1)
/data/user/0/com.fort.vpn.privacy.secure/files/datastore/firebase_session_Y29tLmZvcnQudnBuLnByaXZhY3kuc2VjdXJl_settings.preferences_pb
--------------------
01:56:58.509 okio.ByteString
->utf8(0D44.java:10)
/data/user/0/com.fort.vpn.privacy.secure/files/datastore/firebase_session_Y29tLmZvcnQudnBuLnByaXZhY3kuc2VjdXJl_settings.preferences_pb
--------------------
01:56:58.511 n4.a
->b(0CE7.java:1)
W0RFRkFVTFRd
--------------------
01:56:58.511 o5.f
->d(0CEC.java:2)
W0RFRkFVTFRd
--------------------
01:56:58.511 n4.a
->b(0CE7.java:1)
MToxMDM4MzE0NjU0NTA6YW5kcm9pZDplMjkyMzc0MjE3NDA5YWE3OGM5Njkz
--------------------
01:56:58.511 o5.f
->d(0CEC.java:3)
MToxMDM4MzE0NjU0NTA6YW5kcm9pZDplMjkyMzc0MjE3NDA5YWE3OGM5Njkz
--------------------
01:56:58.515 com.google.firebase.crashlytics.internal.common.c
->toString(0996.java:1)
InstallIds{crashlyticsInstallId=52e4b9ffa44842b98bdea154ff96d641, firebaseInstallationId=cgfw-fjkTH6d8OVfKszWOe, firebaseAuthenticationToken=null}
--------------------
01:56:58.515 com.google.firebase.crashlytics.internal.common.f
->e(0998.java:1)
9935b1c1df4c990a80d19e6908280d50448b535d
--------------------
01:56:58.515 com.google.firebase.crashlytics.internal.common.f
->h(0998.java:2)
9935b1c1df4c990a80d19e6908280d50448b535d
--------------------
01:56:58.515 com.google.firebase.crashlytics.internal.common.e
-><init>(0997.java:1)
9935b1c1df4c990a80d19e6908280d50448b535d
--------------------
01:56:58.515 com.google.firebase.crashlytics.internal.common.f
->e(0998.java:1)
6a0cc08a01fa00013b59
--------------------
01:56:58.515 com.google.firebase.crashlytics.internal.common.e
-><init>(0997.java:2)
6a0cc08a01fa00013b599935b1c1df4c
--------------------
01:56:58.515 B5.a
->a(05A6.java:1)
3bac89fc52f99c8582132ec2aba5026da93d43b6
--------------------
01:56:58.516 B5.a
->a(05A6.java:2)
30
--------------------
01:56:58.516 B5.a
->a(05A6.java:2)
1.1.3.00002
--------------------
01:56:58.516 B5.a
->a(05A6.java:2)
4
--------------------
01:56:58.516 B5.a
->a(05A6.java:4)
https://firebase-settings.crashlytics.com/spi/v2/platforms/android/gmp/1:103831465450:android:e292374217409aa78c9693/settings?instance=3bac89fc52f99c8582132ec2aba5026da93d43b6&build_version=30&display_version=1.1.3.00002&source=4
--------------------
01:56:58.516 B5.a
->b(05A6.java:5)
https://firebase-settings.crashlytics.com/spi/v2/platforms/android/gmp/1:103831465450:android:e292374217409aa78c9693/settings?instance=3bac89fc52f99c8582132ec2aba5026da93d43b6&build_version=30&display_version=1.1.3.00002&source=4
--------------------
01:56:58.517 com.google.firebase.crashlytics.internal.send.a
-><clinit>(09B6.java:1)
https://crashlyticsreports-pa.googleapis.com/v1/firelog/legacy/batchlog
--------------------
01:56:58.517 com.google.firebase.crashlytics.internal.send.a
-><clinit>(09B6.java:2)
AIzaSyBrpSYT4FFL09reHJi6H9FYdeiSnUTOv2M
--------------------
01:56:58.517 com.google.android.gms.dynamite.DynamiteModule
->e(064F.java:3)
0
--------------------
01:56:58.518 K2.a
-><clinit>(0078.java:1)
https://firebaselogging.googleapis.com/v0cc/log/batch?format=json_proto3
--------------------
01:56:58.518 K2.a
-><clinit>(0078.java:2)
https://firebaselogging-pa.googleapis.com/v1/firelog/legacy/batchlog
--------------------
01:56:58.518 K2.a
-><clinit>(0078.java:3)
AIzaSyCckkiH8i2ZARwOs1LEzFKld15aOG8ozKo
--------------------
01:56:58.518 com.google.android.datatransport.runtime.u
->c(03E6.java:1)
1$https://crashlyticsreports-pa.googleapis.com/v1/firelog/legacy/batchlog\AIzaSyBrpSYT4FFL09reHJi6H9FYdeiSnUTOv2M
--------------------
01:56:58.518 n4.a
->b(0CE7.java:1)
W0RFRkFVTFRd
--------------------
01:56:58.520 com.google.android.gms.internal.measurement.zzcx
->zza(08C2.java:1)
com.fort.vpn.privacy.secure
--------------------
01:56:58.523 com.google.firebase.crashlytics.internal.common.u
->a(0999.java:1)
Opening a new session with ID 6A0CC08A01FA00013B599935B1C1DF4C
--------------------
01:56:58.524 v5.c
->a(0DA0.java:1)
Deferring native open session: 6A0CC08A01FA00013B599935B1C1DF4C
--------------------
01:56:58.520 o5.f
->d(0CEC.java:2)
W0RFRkFVTFRd
--------------------
01:56:58.525 n4.a
->b(0CE7.java:1)
MToxMDM4MzE0NjU0NTA6YW5kcm9pZDplMjkyMzc0MjE3NDA5YWE3OGM5Njkz
--------------------
01:56:58.525 o5.f
->d(0CEC.java:3)
MToxMDM4MzE0NjU0NTA6YW5kcm9pZDplMjkyMzc0MjE3NDA5YWE3OGM5Njkz
--------------------
01:56:58.525 N5.l
-><init>(05B4.java:1)
FirebaseHeartBeatW0RFRkFVTFRd+MToxMDM4MzE0NjU0NTA6YW5kcm9pZDplMjkyMzc0MjE3NDA5YWE3OGM5Njkz
--------------------
01:56:58.527 c0.c
->invoke(0193.java:1)
datastore/FirebaseHeartBeatW0RFRkFVTFRd+MToxMDM4MzE0NjU0NTA6YW5kcm9pZDplMjkyMzc0MjE3NDA5YWE3OGM5Njkz.preferences_pb
--------------------
01:56:58.527 com.transsion.infra.gateway.core.utils.c
-><clinit>(0BE3.java:1)
/
--------------------
01:56:58.527 com.transsion.infra.gateway.core.utils.c
-><clinit>(0BE3.java:2)


--------------------
01:56:58.527 kotlin.text.StringsKt
->U(0CA8.java:12)
preferences_pb
--------------------
01:56:58.527 kotlin.io.FilesKt__UtilsKt
->getExtension(0C6D.java:2)
preferences_pb
--------------------
01:56:58.527 d0.e
->invoke(054F.java:1)
preferences_pb
--------------------
01:56:58.527 com.transsion.infra.gateway.core.utils.c
->c(0BE3.java:3)
main, attachInfo(ContentProvider.java:2646)

--------------------
01:56:58.527 K5.f
->h(05B1.java:1)
NkEwQ0MwOEEwMUZBMDAwMTNCNTk5OTM1QjFDMURGNEM=
--------------------
01:56:58.527 com.transsion.infra.gateway.core.utils.c
->c(0BE3.java:4)
 [main, attachInfo(ContentProvider.java:2646)]: 
--------------------
01:56:58.527 okio._JvmPlatformKt
->toUtf8String(0D55.java:1)
/data/user/0/com.fort.vpn.privacy.secure/files/datastore/FirebaseHeartBeatW0RFRkFVTFRd+MToxMDM4MzE0NjU0NTA6YW5kcm9pZDplMjkyMzc0MjE3NDA5YWE3OGM5Njkz.preferences_pb
--------------------
01:56:58.527 okio.ByteString
->utf8(0D44.java:10)
/data/user/0/com.fort.vpn.privacy.secure/files/datastore/FirebaseHeartBeatW0RFRkFVTFRd+MToxMDM4MzE0NjU0NTA6YW5kcm9pZDplMjkyMzc0MjE3NDA5YWE3OGM5Njkz.preferences_pb
--------------------
01:56:58.528 okio._JvmPlatformKt
->toUtf8String(0D55.java:1)
/data/user/0/com.fort.vpn.privacy.secure/files/datastore/FirebaseHeartBeatW0RFRkFVTFRd+MToxMDM4MzE0NjU0NTA6YW5kcm9pZDplMjkyMzc0MjE3NDA5YWE3OGM5Njkz.preferences_pb
--------------------
01:56:58.528 okio.ByteString
->utf8(0D44.java:10)
/data/user/0/com.fort.vpn.privacy.secure/files/datastore/FirebaseHeartBeatW0RFRkFVTFRd+MToxMDM4MzE0NjU0NTA6YW5kcm9pZDplMjkyMzc0MjE3NDA5YWE3OGM5Njkz.preferences_pb
--------------------
01:56:58.528 okio._JvmPlatformKt
->toUtf8String(0D55.java:1)
/data/user/0/com.fort.vpn.privacy.secure/files/datastore/FirebaseHeartBeatW0RFRkFVTFRd+MToxMDM4MzE0NjU0NTA6YW5kcm9pZDplMjkyMzc0MjE3NDA5YWE3OGM5Njkz.preferences_pb
--------------------
01:56:58.528 okio.ByteString
->utf8(0D44.java:10)
/data/user/0/com.fort.vpn.privacy.secure/files/datastore/FirebaseHeartBeatW0RFRkFVTFRd+MToxMDM4MzE0NjU0NTA6YW5kcm9pZDplMjkyMzc0MjE3NDA5YWE3OGM5Njkz.preferences_pb
--------------------
01:56:58.531 androidx.datastore.preferences.protobuf.i0$c
->a(011F.java:1)
fire-global
--------------------
01:56:58.531 androidx.datastore.preferences.protobuf.i0$c
->a(011F.java:1)
last-used-date
--------------------
01:56:58.532 androidx.datastore.preferences.protobuf.h$c
->t(011D.java:2)
2026-05-19
--------------------
01:56:58.532 androidx.datastore.preferences.protobuf.i0$c
->a(011F.java:1)
fire-count
--------------------
01:56:58.533 androidx.datastore.preferences.protobuf.i0$c
->a(011F.java:1)
fire-cls/19.0.3 kotlin/2.1.10 fire-installations/18.0.0 android-min-sdk/26 fire-core/22.0.0 device-brand/Redmi fire-analytics/21.1.1 fire-fcm/25.0.0 fire-android/36 fire-iid/21.1.0 fire-core-ktx/21.0.0 android-installer/com.miui.packageinstaller android-platform/ fire-sessions/2.0.3 android-target-sdk/35 fire-transport/19.0.0 device-name/onyx device-model/onyx
--------------------
01:56:58.534 androidx.datastore.preferences.protobuf.h$c
->t(011D.java:2)
2026-05-19
--------------------
01:56:58.538 androidx.datastore.preferences.protobuf.i0$c
->a(011F.java:1)
fire-global
--------------------
01:56:58.538 androidx.datastore.preferences.protobuf.i0$c
->a(011F.java:1)
last-used-date
--------------------
01:56:58.538 androidx.datastore.preferences.protobuf.h$c
->t(011D.java:2)
2026-05-19
--------------------
01:56:58.538 androidx.datastore.preferences.protobuf.i0$c
->a(011F.java:1)
fire-count
--------------------
01:56:58.538 androidx.datastore.preferences.protobuf.i0$c
->a(011F.java:1)
fire-cls/19.0.3 kotlin/2.1.10 fire-installations/18.0.0 android-min-sdk/26 fire-core/22.0.0 device-brand/Redmi fire-analytics/21.1.1 fire-fcm/25.0.0 fire-android/36 fire-iid/21.1.0 fire-core-ktx/21.0.0 android-installer/com.miui.packageinstaller android-platform/ fire-sessions/2.0.3 android-target-sdk/35 fire-transport/19.0.0 device-name/onyx device-model/onyx
--------------------
01:56:58.538 androidx.datastore.preferences.protobuf.h$c
->t(011D.java:2)
2026-05-19
--------------------
01:56:58.539 okio._JvmPlatformKt
->toUtf8String(0D55.java:1)
/data/user/0/com.fort.vpn.privacy.secure/files/datastore
--------------------
01:56:58.539 okio.ByteString
->utf8(0D44.java:10)
/data/user/0/com.fort.vpn.privacy.secure/files/datastore
--------------------
01:56:58.540 okio._JvmPlatformKt
->toUtf8String(0D55.java:1)
FirebaseHeartBeatW0RFRkFVTFRd+MToxMDM4MzE0NjU0NTA6YW5kcm9pZDplMjkyMzc0MjE3NDA5YWE3OGM5Njkz.preferences_pb
--------------------
01:56:58.540 okio.ByteString
->utf8(0D44.java:10)
FirebaseHeartBeatW0RFRkFVTFRd+MToxMDM4MzE0NjU0NTA6YW5kcm9pZDplMjkyMzc0MjE3NDA5YWE3OGM5Njkz.preferences_pb
--------------------
01:56:58.540 okio._JvmPlatformKt
->toUtf8String(0D55.java:1)
/data/user/0/com.fort.vpn.privacy.secure/files/datastore/FirebaseHeartBeatW0RFRkFVTFRd+MToxMDM4MzE0NjU0NTA6YW5kcm9pZDplMjkyMzc0MjE3NDA5YWE3OGM5Njkz.preferences_pb.tmp
--------------------
01:56:58.540 okio.ByteString
->utf8(0D44.java:10)
/data/user/0/com.fort.vpn.privacy.secure/files/datastore/FirebaseHeartBeatW0RFRkFVTFRd+MToxMDM4MzE0NjU0NTA6YW5kcm9pZDplMjkyMzc0MjE3NDA5YWE3OGM5Njkz.preferences_pb.tmp
--------------------
01:56:58.547 androidx.datastore.preferences.protobuf.i0$c
->a(011F.java:1)
fire-global
--------------------
01:56:58.547 androidx.datastore.preferences.protobuf.i0$c
->a(011F.java:1)
last-used-date
--------------------
01:56:58.547 androidx.datastore.preferences.protobuf.h$c
->t(011D.java:2)
2026-05-19
--------------------
01:56:58.547 androidx.datastore.preferences.protobuf.i0$c
->a(011F.java:1)
fire-count
--------------------
01:56:58.547 androidx.datastore.preferences.protobuf.i0$c
->a(011F.java:1)
fire-cls/19.0.3 kotlin/2.1.10 fire-installations/18.0.0 android-min-sdk/26 fire-core/22.0.0 device-brand/Redmi fire-analytics/21.1.1 fire-fcm/25.0.0 fire-android/36 fire-iid/21.1.0 fire-core-ktx/21.0.0 android-installer/com.miui.packageinstaller android-platform/ fire-sessions/2.0.3 android-target-sdk/35 fire-transport/19.0.0 device-name/onyx device-model/onyx
--------------------
01:56:58.548 androidx.datastore.preferences.protobuf.h$c
->t(011D.java:2)
2026-05-19
--------------------
01:56:58.549 W2.z
->a(00B9.java:1)
26
--------------------
01:56:58.550 com.google.firebase.crashlytics.internal.common.u
->f(0999.java:3)
cmVwb3NpdG9yaWVzIHsKICBzeXN0ZW06IEdJVAogIGxvY2FsX3Jvb3RfcGF0aDogIiRQUk9KRUNU
X0RJUiIKICByZXZpc2lvbjogImI0MTU0MDU1OWM0NTUwMTgzZDUxZGY1MzQwYjIwOTM0ZGRmNGM3
MzkiCn0K

--------------------
01:56:58.550 com.google.firebase.crashlytics.internal.common.u
->g(0999.java:18)
cmVwb3NpdG9yaWVzIHsKICBzeXN0ZW06IEdJVAogIGxvY2FsX3Jvb3RfcGF0aDogIiRQUk9KRUNU
X0RJUiIKICByZXZpc2lvbjogImI0MTU0MDU1OWM0NTUwMTgzZDUxZGY1MzQwYjIwOTM0ZGRmNGM3
MzkiCn0K

--------------------
01:56:58.551 com.google.firebase.crashlytics.internal.common.u
->c(0999.java:14)
Finalizing report for session 6A0CA905036700017F099935B1C1DF4C
--------------------
01:56:58.551 com.google.firebase.crashlytics.internal.common.u
->c(0999.java:15)
Session 6A0CA905036700017F099935B1C1DF4C has no events.
--------------------
01:56:58.552 W2.y
->a(00B8.java:1)
35
--------------------
01:56:58.553 W2.B
->a(00AE.java:1)
com.miui.packageinstaller
--------------------
01:56:58.553 X5.b
-><init>(05CA.java:1)
fire-cls/19.0.3 kotlin/2.1.10 fire-installations/18.0.0 android-min-sdk/26 fire-core/22.0.0 device-brand/Redmi fire-analytics/21.1.1 fire-fcm/25.0.0 fire-android/36 fire-iid/21.1.0 fire-core-ktx/21.0.0 android-installer/com.miui.packageinstaller android-platform/ fire-sessions/2.0.3 android-target-sdk/35 fire-transport/19.0.0 device-name/onyx device-model/onyx
--------------------
01:56:58.554 androidx.datastore.preferences.protobuf.i0$c
->a(011F.java:1)
fire-global
--------------------
01:56:58.555 androidx.datastore.preferences.protobuf.i0$c
->a(011F.java:1)
last-used-date
--------------------
01:56:58.556 androidx.datastore.preferences.protobuf.h$c
->t(011D.java:2)
2026-05-19
--------------------
01:56:58.556 androidx.datastore.preferences.protobuf.i0$c
->a(011F.java:1)
fire-count
--------------------
01:56:58.556 androidx.datastore.preferences.protobuf.i0$c
->a(011F.java:1)
fire-cls/19.0.3 kotlin/2.1.10 fire-installations/18.0.0 android-min-sdk/26 fire-core/22.0.0 device-brand/Redmi fire-analytics/21.1.1 fire-fcm/25.0.0 fire-android/36 fire-iid/21.1.0 fire-core-ktx/21.0.0 android-installer/com.miui.packageinstaller android-platform/ fire-sessions/2.0.3 android-target-sdk/35 fire-transport/19.0.0 device-name/onyx device-model/onyx
--------------------
01:56:58.556 androidx.datastore.preferences.protobuf.h$c
->t(011D.java:2)
2026-05-19
--------------------
01:56:58.563 androidx.datastore.preferences.protobuf.i0$c
->a(011F.java:1)
fire-global
--------------------
01:56:58.563 androidx.datastore.preferences.protobuf.i0$c
->a(011F.java:1)
last-used-date
--------------------
01:56:58.563 androidx.datastore.preferences.protobuf.h$c
->t(011D.java:2)
2026-05-19
--------------------
01:56:58.563 androidx.datastore.preferences.protobuf.i0$c
->a(011F.java:1)
fire-count
--------------------
01:56:58.563 androidx.datastore.preferences.protobuf.i0$c
->a(011F.java:1)
fire-cls/19.0.3 kotlin/2.1.10 fire-installations/18.0.0 android-min-sdk/26 fire-core/22.0.0 device-brand/Redmi fire-analytics/21.1.1 fire-fcm/25.0.0 fire-android/36 fire-iid/21.1.0 fire-core-ktx/21.0.0 android-installer/com.miui.packageinstaller android-platform/ fire-sessions/2.0.3 android-target-sdk/35 fire-transport/19.0.0 device-name/onyx device-model/onyx
--------------------
01:56:58.564 androidx.datastore.preferences.protobuf.h$c
->t(011D.java:2)
2026-05-19
--------------------
01:56:58.564 okio._JvmPlatformKt
->toUtf8String(0D55.java:1)
/data/user/0/com.fort.vpn.privacy.secure/files/datastore
--------------------
01:56:58.565 okio.ByteString
->utf8(0D44.java:10)
/data/user/0/com.fort.vpn.privacy.secure/files/datastore
--------------------
01:56:58.565 okio._JvmPlatformKt
->toUtf8String(0D55.java:1)
FirebaseHeartBeatW0RFRkFVTFRd+MToxMDM4MzE0NjU0NTA6YW5kcm9pZDplMjkyMzc0MjE3NDA5YWE3OGM5Njkz.preferences_pb
--------------------
01:56:58.565 okio.ByteString
->utf8(0D44.java:10)
FirebaseHeartBeatW0RFRkFVTFRd+MToxMDM4MzE0NjU0NTA6YW5kcm9pZDplMjkyMzc0MjE3NDA5YWE3OGM5Njkz.preferences_pb
--------------------
01:56:58.565 okio._JvmPlatformKt
->toUtf8String(0D55.java:1)
/data/user/0/com.fort.vpn.privacy.secure/files/datastore/FirebaseHeartBeatW0RFRkFVTFRd+MToxMDM4MzE0NjU0NTA6YW5kcm9pZDplMjkyMzc0MjE3NDA5YWE3OGM5Njkz.preferences_pb.tmp
--------------------
01:56:58.565 okio.ByteString
->utf8(0D44.java:10)
/data/user/0/com.fort.vpn.privacy.secure/files/datastore/FirebaseHeartBeatW0RFRkFVTFRd+MToxMDM4MzE0NjU0NTA6YW5kcm9pZDplMjkyMzc0MjE3NDA5YWE3OGM5Njkz.preferences_pb.tmp
--------------------
01:56:58.567 androidx.datastore.preferences.protobuf.i0$c
->a(011F.java:1)
fire-global
--------------------
01:56:58.567 androidx.datastore.preferences.protobuf.i0$c
->a(011F.java:1)
last-used-date
--------------------
01:56:58.568 androidx.datastore.preferences.protobuf.h$c
->t(011D.java:2)
2026-05-19
--------------------
01:56:58.568 androidx.datastore.preferences.protobuf.i0$c
->a(011F.java:1)
fire-count
--------------------
01:56:58.568 androidx.datastore.preferences.protobuf.i0$c
->a(011F.java:1)
fire-cls/19.0.3 kotlin/2.1.10 fire-installations/18.0.0 android-min-sdk/26 fire-core/22.0.0 device-brand/Redmi fire-analytics/21.1.1 fire-fcm/25.0.0 fire-android/36 fire-iid/21.1.0 fire-core-ktx/21.0.0 android-installer/com.miui.packageinstaller android-platform/ fire-sessions/2.0.3 android-target-sdk/35 fire-transport/19.0.0 device-name/onyx device-model/onyx
--------------------
01:56:58.568 androidx.datastore.preferences.protobuf.h$c
->t(011D.java:2)
2026-05-19
--------------------
01:56:58.575 androidx.work.w
-><clinit>(018C.java:1)
WM-WorkerFactory
--------------------
01:56:58.576 b6.b
->c(05E7.java:1)
Xiaomi/25053RT47C
--------------------
01:56:58.577 com.fort.vpn.privacy.secure.GpApp
->onCreate(03A9.java:1)
com.fort.vpn.privacy.secure
--------------------
01:56:58.578 androidx.datastore.preferences.protobuf.i0$c
->a(011F.java:1)
fire-global
--------------------
01:56:58.578 androidx.datastore.preferences.protobuf.i0$c
->a(011F.java:1)
last-used-date
--------------------
01:56:58.578 androidx.webkit.internal.c
->b(0160.java:1)
com.fort.vpn.privacy.secure
--------------------
01:56:58.578 androidx.datastore.preferences.protobuf.h$c
->t(011D.java:2)
2026-05-19
--------------------
01:56:58.578 com.transsion.athena.taaneh.d
->o(0BCE.java:18)
com.fort.vpn.privacy.secure
--------------------
01:56:58.578 com.transsion.ga.AthenaAnalytics
->i(0BD5.java:5)
com.fort.vpn.privacy.secure
--------------------
01:56:58.578 androidx.datastore.preferences.protobuf.i0$c
->a(011F.java:1)
fire-count
--------------------
01:56:58.578 androidx.datastore.preferences.protobuf.i0$c
->a(011F.java:1)
fire-cls/19.0.3 kotlin/2.1.10 fire-installations/18.0.0 android-min-sdk/26 fire-core/22.0.0 device-brand/Redmi fire-analytics/21.1.1 fire-fcm/25.0.0 fire-android/36 fire-iid/21.1.0 fire-core-ktx/21.0.0 android-installer/com.miui.packageinstaller android-platform/ fire-sessions/2.0.3 android-target-sdk/35 fire-transport/19.0.0 device-name/onyx device-model/onyx
--------------------
01:56:58.578 androidx.datastore.preferences.protobuf.h$c
->t(011D.java:2)
2026-05-19
--------------------
01:56:58.580 Z5.G
->a(05D4.java:1)
15193
--------------------
01:56:58.580 okio._JvmPlatformKt
->toUtf8String(0D55.java:1)
/data/user/0/com.fort.vpn.privacy.secure/files/datastore
--------------------
01:56:58.581 com.transsion.core.log.b
-><clinit>(0BD2.java:1)


--------------------
01:56:58.582 com.transsion.athena.taaneh.b
->f(0BCC.java:3)
Athena init, SDK Version is [3.1.0.3]
--------------------
01:56:58.582 androidx.webkit.internal.c
->b(0160.java:1)
com.fort.vpn.privacy.secure
--------------------
01:56:58.582 com.transsion.sdk.oneid.f
->g(0C0A.java:10)
com.fort.vpn.privacy.secure
--------------------
01:56:58.582 e8.a
->d(0C0E.java:4)
com.fort.vpn.privacy.secure
--------------------
01:56:58.580 okio.ByteString
->utf8(0D44.java:10)
/data/user/0/com.fort.vpn.privacy.secure/files/datastore
--------------------
01:56:58.583 okio._JvmPlatformKt
->toUtf8String(0D55.java:1)
FirebaseHeartBeatW0RFRkFVTFRd+MToxMDM4MzE0NjU0NTA6YW5kcm9pZDplMjkyMzc0MjE3NDA5YWE3OGM5Njkz.preferences_pb
--------------------
01:56:58.583 okio.ByteString
->utf8(0D44.java:10)
FirebaseHeartBeatW0RFRkFVTFRd+MToxMDM4MzE0NjU0NTA6YW5kcm9pZDplMjkyMzc0MjE3NDA5YWE3OGM5Njkz.preferences_pb
--------------------
01:56:58.584 okio._JvmPlatformKt
->toUtf8String(0D55.java:1)
/data/user/0/com.fort.vpn.privacy.secure/files/datastore/FirebaseHeartBeatW0RFRkFVTFRd+MToxMDM4MzE0NjU0NTA6YW5kcm9pZDplMjkyMzc0MjE3NDA5YWE3OGM5Njkz.preferences_pb.tmp
--------------------
01:56:58.584 okio.ByteString
->utf8(0D44.java:10)
/data/user/0/com.fort.vpn.privacy.secure/files/datastore/FirebaseHeartBeatW0RFRkFVTFRd+MToxMDM4MzE0NjU0NTA6YW5kcm9pZDplMjkyMzc0MjE3NDA5YWE3OGM5Njkz.preferences_pb.tmp
--------------------
01:56:58.584 androidx.webkit.internal.c
->b(0160.java:1)
com.fort.vpn.privacy.secure
--------------------
01:56:58.584 com.transsion.sdk.oneid.f
->g(0C0A.java:10)
com.fort.vpn.privacy.secure
--------------------
01:56:58.584 com.transsion.sdk.oneid.g
->handleMessage(0C0B.java:12)
com.fort.vpn.privacy.secure
--------------------
01:56:58.585 com.transsion.athena.enatha.enatha
->w(0BC2.java:18)
e54974e2-ee94-4fa7-a883-c96e1efb7944

--------------------
01:56:58.586 T6.a
->a(0B8D.java:1)
{
  "d":"test.shtranssion.com:90",
  "tu":"dsu-test.shalltry.com",
  "tc":"dsc-test.shalltry.com",
  "ou":"dsu.shalltry.com",
  "oc":"dsc.shalltry.com",
  "c":"/logconf/v6/uploadconf",
  "g":"/logconf/v1/secret",
  "u":"/athena/checkpoint/v2/upload",
  "fc":"v02c",
  "fd":"v02d",
  "fe":"v02e",
  "iv":"abcdefghijk1mnop",
  "w":"3716E5CB1B982C035013E52167AAF54A"
}


--------------------
01:56:58.586 U6.a
->a(0B8E.java:1)
/data/user/0/com.fort.vpn.privacy.secure/files/v02c
--------------------
01:56:58.586 U6.a
->a(0B8E.java:2)
/data/user/0/com.fort.vpn.privacy.secure/files/v02c/remote_config.cfg
--------------------
01:56:58.586 com.talpa.analysis.a
->b(0B65.java:1)
256 GB
--------------------
01:56:58.587 com.talpa.analysis.a
->b(0B65.java:2)
12 GB
--------------------
01:56:58.588 androidx.webkit.internal.c
->b(0160.java:1)
com.fort.vpn.privacy.secure
--------------------
01:56:58.588 j7.a
-><init>(0C2D.java:1)
com.fort.vpn.privacy.secure
--------------------
01:56:58.588 j7.a
-><init>(0C2D.java:2)
/data/user/0/com.fort.vpn.privacy.secure/files/gslb_com.fort.vpn.privacy.secure
--------------------
01:56:58.589 V6.b
->a(0B94.java:1)
{"global_config":{"pd":86400000,"dlt":10,"th":150000,"once":true,"url":"","version":0,"npt":-1,"rt":0,"dd":false,"p":[],"geo":6,"delays":"3,6"}}
--------------------
01:56:58.589 U6.a
->d(0B8E.java:4)
{"global_config":{"pd":86400000,"dlt":10,"th":150000,"once":true,"url":"","version":0,"npt":-1,"rt":0,"dd":false,"p":[],"geo":6,"delays":"3,6"}}
--------------------
01:56:58.589 j7.a
-><init>(0C2D.java:3)
dsc.shalltry.com#ire-dsc.shalltry.com,api.twibida.com#irl-api.twibida.com,oneid-dev-sg.shalltry.com#oneid-dev-sg.shalltry.com,dsc-test.shalltry.com#dsc-test.shalltry.com,dsu.shalltry.com#ire-dsu.shalltry.com,ire-oneid.shalltry.com#ire-oneid.shalltry.com,dsu-test.shalltry.com#dsu-test.shalltry.com,&2efd5629-d371-4d8b-9bd8-ef0146996e16&1324620000&1779059698704&BD
--------------------
01:56:58.590 com.talpa.analysis.Analysis$1
->run(0B64.java:1)
1779220618590
--------------------
01:56:58.590 j7.f
->handleMessage(0C30.java:14)
ire-oneid.shalltry.com
--------------------
01:56:58.590 j7.f
->handleMessage(0C30.java:14)
oneid-dev-sg.shalltry.com
--------------------
01:56:58.590 androidx.datastore.preferences.protobuf.i0$c
->a(011F.java:1)
fire-global
--------------------
01:56:58.591 androidx.datastore.preferences.protobuf.i0$c
->a(011F.java:1)
last-used-date
--------------------
01:56:58.591 androidx.datastore.preferences.protobuf.h$c
->t(011D.java:2)
2026-05-19
--------------------
01:56:58.591 androidx.datastore.preferences.protobuf.i0$c
->a(011F.java:1)
fire-count
--------------------
01:56:58.591 androidx.datastore.preferences.protobuf.i0$c
->a(011F.java:1)
fire-cls/19.0.3 kotlin/2.1.10 fire-installations/18.0.0 android-min-sdk/26 fire-core/22.0.0 device-brand/Redmi fire-analytics/21.1.1 fire-fcm/25.0.0 fire-android/36 fire-iid/21.1.0 fire-core-ktx/21.0.0 android-installer/com.miui.packageinstaller android-platform/ fire-sessions/2.0.3 android-target-sdk/35 fire-transport/19.0.0 device-name/onyx device-model/onyx
--------------------
01:56:58.591 androidx.datastore.preferences.protobuf.h$c
->t(011D.java:2)
2026-05-19
--------------------
01:56:58.593 com.fort.vpn.privacy.secure.GpApp
->onCreate(03A9.java:7)
com.fort.vpn.privacy.secure
--------------------
01:56:58.593 com.transsion.athena.taaneh.c
->i(0BCD.java:4)
android.content.pm.PackageManager$NameNotFoundException: com.hoffnung
	at android.app.ApplicationPackageManager.getPackageInfoAsUser(ApplicationPackageManager.java:283)
	at android.app.ApplicationPackageManager.getPackageInfo(ApplicationPackageManager.java:243)
	at android.app.ApplicationPackageManager.getPackageInfo(ApplicationPackageManager.java:237)
	at com.transsion.athena.taaneh.c.i(Unknown Source:9)
	at com.transsion.athena.enatha.enatha.w(0BC2.java:20)
	at com.transsion.athena.enatha.enatha.handleMessage(Unknown Source:212)
	at android.os.Handler.dispatchMessage(Handler.java:110)
	at android.os.Looper.loopOnce(Looper.java:274)
	at android.os.Looper.loop(Looper.java:369)
	at android.os.HandlerThread.run(HandlerThread.java:85)

--------------------
01:56:58.593 com.transsion.athena.taaneh.b
->f(0BCC.java:3)
Dcs unavailable because of not support or conf disable
--------------------
01:56:58.593 j7.f
->handleMessage(0C30.java:14)
dsu.shalltry.com
--------------------
01:56:58.594 com.transsion.athena.taaneh.b
->f(0BCC.java:3)
CheckConfig cancel, network is not available
--------------------
01:56:58.594 j7.f
->handleMessage(0C30.java:14)
dsc.shalltry.com
--------------------
01:56:58.594 j7.f
->handleMessage(0C30.java:14)
dsu-test.shalltry.com
--------------------
01:56:58.594 j7.f
->handleMessage(0C30.java:14)
dsc-test.shalltry.com
--------------------
01:56:58.599 androidx.work.impl.background.systemalarm.RescheduleReceiver
-><clinit>(016F.java:1)
WM-RescheduleReceiver
--------------------
01:56:58.600 kotlin.text.StringsKt__StringsKt
->substringAfterLast$default(0CA6.java:28)
Boolean
--------------------
01:56:58.600 kotlin.text.StringsKt
->V(0CA8.java:13)
Boolean
--------------------
01:56:58.600 kotlin.jvm.internal.ClassReference
-><clinit>(0C7B.java:1)
Boolean
--------------------
01:56:58.600 kotlin.text.StringsKt__StringsKt
->substringAfterLast$default(0CA6.java:28)
Byte
--------------------
01:56:58.600 kotlin.text.StringsKt
->V(0CA8.java:13)
Byte
--------------------
01:56:58.600 kotlin.jvm.internal.ClassReference
-><clinit>(0C7B.java:1)
Byte
--------------------
01:56:58.600 kotlin.text.StringsKt__StringsKt
->substringAfterLast$default(0CA6.java:28)
Double
--------------------
01:56:58.600 kotlin.text.StringsKt
->V(0CA8.java:13)
Double
--------------------
01:56:58.600 kotlin.jvm.internal.ClassReference
-><clinit>(0C7B.java:1)
Double
--------------------
01:56:58.600 kotlin.text.StringsKt__StringsKt
->substringAfterLast$default(0CA6.java:28)
Char
--------------------
01:56:58.600 kotlin.text.StringsKt
->V(0CA8.java:13)
Char
--------------------
01:56:58.600 kotlin.jvm.internal.ClassReference
-><clinit>(0C7B.java:1)
Char
--------------------
01:56:58.600 kotlin.text.StringsKt__StringsKt
->substringAfterLast$default(0CA6.java:28)
Short
--------------------
01:56:58.600 kotlin.text.StringsKt
->V(0CA8.java:13)
Short
--------------------
01:56:58.600 kotlin.jvm.internal.ClassReference
-><clinit>(0C7B.java:1)
Short
--------------------
01:56:58.600 kotlin.text.StringsKt__StringsKt
->substringAfterLast$default(0CA6.java:28)
Float
--------------------
01:56:58.600 kotlin.text.StringsKt
->V(0CA8.java:13)
Float
--------------------
01:56:58.600 kotlin.jvm.internal.ClassReference
-><clinit>(0C7B.java:1)
Float
--------------------
01:56:58.601 kotlin.text.StringsKt__StringsKt
->substringAfterLast$default(0CA6.java:28)
Int
--------------------
01:56:58.601 kotlin.text.StringsKt
->V(0CA8.java:13)
Int
--------------------
01:56:58.601 kotlin.jvm.internal.ClassReference
-><clinit>(0C7B.java:1)
Int
--------------------
01:56:58.601 kotlin.text.StringsKt__StringsKt
->substringAfterLast$default(0CA6.java:28)
Long
--------------------
01:56:58.601 kotlin.text.StringsKt
->V(0CA8.java:13)
Long
--------------------
01:56:58.601 kotlin.jvm.internal.ClassReference
-><clinit>(0C7B.java:1)
Long
--------------------
01:56:58.601 kotlin.text.StringsKt__StringsKt
->substringAfterLast$default(0CA6.java:28)
Float
--------------------
01:56:58.601 kotlin.text.StringsKt
->V(0CA8.java:13)
Float
--------------------
01:56:58.601 kotlin.jvm.internal.ClassReference
-><clinit>(0C7B.java:2)
Float
--------------------
01:56:58.601 kotlin.text.StringsKt__StringsKt
->substringAfterLast$default(0CA6.java:28)
ListIterator
--------------------
01:56:58.601 kotlin.text.StringsKt
->V(0CA8.java:13)
ListIterator
--------------------
01:56:58.601 kotlin.jvm.internal.ClassReference
-><clinit>(0C7B.java:2)
ListIterator
--------------------
01:56:58.601 kotlin.text.StringsKt__StringsKt
->substringAfterLast$default(0CA6.java:28)
Float
--------------------
01:56:58.601 kotlin.text.StringsKt
->V(0CA8.java:13)
Float
--------------------
01:56:58.601 kotlin.jvm.internal.ClassReference
-><clinit>(0C7B.java:2)
Float
--------------------
01:56:58.601 kotlin.text.StringsKt__StringsKt
->substringAfterLast$default(0CA6.java:28)
Int
--------------------
01:56:58.601 kotlin.text.StringsKt
->V(0CA8.java:13)
Int
--------------------
01:56:58.601 kotlin.jvm.internal.ClassReference
-><clinit>(0C7B.java:2)
Int
--------------------
01:56:58.601 kotlin.text.StringsKt__StringsKt
->substringAfterLast$default(0CA6.java:28)
Companion
--------------------
01:56:58.601 kotlin.text.StringsKt
->V(0CA8.java:13)
Companion
--------------------
01:56:58.601 kotlin.jvm.internal.ClassReference
-><clinit>(0C7B.java:2)
Companion
--------------------
01:56:58.601 kotlin.text.StringsKt__StringsKt
->substringAfterLast$default(0CA6.java:28)
Enum
--------------------
01:56:58.601 kotlin.text.StringsKt
->V(0CA8.java:13)
Enum
--------------------
01:56:58.601 kotlin.jvm.internal.ClassReference
-><clinit>(0C7B.java:2)
Enum
--------------------
01:56:58.601 kotlin.text.StringsKt__StringsKt
->substringAfterLast$default(0CA6.java:28)
Char
--------------------
01:56:58.601 kotlin.text.StringsKt
->V(0CA8.java:13)
Char
--------------------
01:56:58.601 kotlin.jvm.internal.ClassReference
-><clinit>(0C7B.java:2)
Char
--------------------
01:56:58.601 kotlin.text.StringsKt__StringsKt
->substringAfterLast$default(0CA6.java:28)
Long
--------------------
01:56:58.602 com.transsion.athena.data.AppIdData
->c(0BBB.java:1)
com.fort.vpn.privacy.secure
--------------------
01:56:58.602 com.transsion.athena.taaneh.d
->p(0BCE.java:20)
com.fort.vpn.privacy.secure
--------------------
01:56:58.602 com.transsion.athena.data.AppIdData
->c(0BBB.java:2)
com.miui.packageinstaller
--------------------
01:56:58.602 com.transsion.athena.taaneh.d
->u(0BCE.java:24)
com.fort.vpn.privacy.secure
--------------------
01:56:58.603 com.transsion.athena.data.AppIdData
->c(0BBB.java:3)
1.1.3.00002
--------------------
01:56:58.603 com.transsion.athena.taaneh.d
->t(0BCE.java:22)
com.fort.vpn.privacy.secure
--------------------
01:56:58.603 com.transsion.athena.data.AppIdData
->c(0BBB.java:4)
30
--------------------
01:56:58.604 androidx.datastore.preferences.protobuf.i0$c
->a(011F.java:1)
fire-global
--------------------
01:56:58.604 kotlin.text.StringsKt
->V(0CA8.java:13)
Long
--------------------
01:56:58.604 kotlin.jvm.internal.ClassReference
-><clinit>(0C7B.java:2)
Long
--------------------
01:56:58.604 androidx.datastore.preferences.protobuf.i0$c
->a(011F.java:1)
last-used-date
--------------------
01:56:58.604 kotlin.text.StringsKt__StringsKt
->substringAfterLast$default(0CA6.java:28)
Short
--------------------
01:56:58.604 androidx.datastore.preferences.protobuf.h$c
->t(011D.java:2)
2026-05-19
--------------------
01:56:58.604 kotlin.text.StringsKt
->V(0CA8.java:13)
Short
--------------------
01:56:58.604 kotlin.jvm.internal.ClassReference
-><clinit>(0C7B.java:2)
Short
--------------------
01:56:58.604 androidx.datastore.preferences.protobuf.i0$c
->a(011F.java:1)
fire-count
--------------------
01:56:58.605 androidx.datastore.preferences.protobuf.i0$c
->a(011F.java:1)
fire-cls/19.0.3 kotlin/2.1.10 fire-installations/18.0.0 android-min-sdk/26 fire-core/22.0.0 device-brand/Redmi fire-analytics/21.1.1 fire-fcm/25.0.0 fire-android/36 fire-iid/21.1.0 fire-core-ktx/21.0.0 android-installer/com.miui.packageinstaller android-platform/ fire-sessions/2.0.3 android-target-sdk/35 fire-transport/19.0.0 device-name/onyx device-model/onyx
--------------------
01:56:58.605 kotlin.text.StringsKt__StringsKt
->substringAfterLast$default(0CA6.java:28)
Map
--------------------
01:56:58.605 kotlin.text.StringsKt
->V(0CA8.java:13)
Map
--------------------
01:56:58.605 androidx.datastore.preferences.protobuf.h$c
->t(011D.java:2)
2026-05-19
--------------------
01:56:58.605 kotlin.jvm.internal.ClassReference
-><clinit>(0C7B.java:2)
Map
--------------------
01:56:58.605 kotlin.text.StringsKt__StringsKt
->substringAfterLast$default(0CA6.java:28)
Byte
--------------------
01:56:58.606 kotlin.text.StringsKt
->V(0CA8.java:13)
Byte
--------------------
01:56:58.606 kotlin.jvm.internal.ClassReference
-><clinit>(0C7B.java:2)
Byte
--------------------
01:56:58.606 kotlin.text.StringsKt__StringsKt
->substringAfterLast$default(0CA6.java:28)
Cloneable
--------------------
01:56:58.606 kotlin.text.StringsKt
->V(0CA8.java:13)
Cloneable
--------------------
01:56:58.606 kotlin.jvm.internal.ClassReference
-><clinit>(0C7B.java:2)
Cloneable
--------------------
01:56:58.606 com.transsion.athena.data.AppIdData
->c(0BBB.java:1)
com.fort.vpn.privacy.secure
--------------------
01:56:58.606 com.transsion.athena.taaneh.d
->p(0BCE.java:20)
com.fort.vpn.privacy.secure
--------------------
01:56:58.606 kotlin.text.StringsKt__StringsKt
->substringAfterLast$default(0CA6.java:28)
Companion
--------------------
01:56:58.606 kotlin.text.StringsKt
->V(0CA8.java:13)
Companion
--------------------
01:56:58.606 kotlin.jvm.internal.ClassReference
-><clinit>(0C7B.java:2)
Companion
--------------------
01:56:58.606 kotlin.text.StringsKt__StringsKt
->substringAfterLast$default(0CA6.java:28)
Companion
--------------------
01:56:58.606 kotlin.text.StringsKt
->V(0CA8.java:13)
Companion
--------------------
01:56:58.606 kotlin.jvm.internal.ClassReference
-><clinit>(0C7B.java:2)
Companion
--------------------
01:56:58.606 kotlin.text.StringsKt__StringsKt
->substringAfterLast$default(0CA6.java:28)
CharSequence
--------------------
01:56:58.606 okio._JvmPlatformKt
->toUtf8String(0D55.java:1)
/data/user/0/com.fort.vpn.privacy.secure/files/datastore
--------------------
01:56:58.606 kotlin.text.StringsKt
->V(0CA8.java:13)
CharSequence
--------------------
01:56:58.606 okio.ByteString
->utf8(0D44.java:10)
/data/user/0/com.fort.vpn.privacy.secure/files/datastore
--------------------
01:56:58.606 kotlin.jvm.internal.ClassReference
-><clinit>(0C7B.java:2)
CharSequence
--------------------
01:56:58.606 kotlin.text.StringsKt__StringsKt
->substringAfterLast$default(0CA6.java:28)
Byte
--------------------
01:56:58.607 kotlin.text.StringsKt
->V(0CA8.java:13)
Byte
--------------------
01:56:58.607 okio._JvmPlatformKt
->toUtf8String(0D55.java:1)
FirebaseHeartBeatW0RFRkFVTFRd+MToxMDM4MzE0NjU0NTA6YW5kcm9pZDplMjkyMzc0MjE3NDA5YWE3OGM5Njkz.preferences_pb
--------------------
01:56:58.607 kotlin.jvm.internal.ClassReference
-><clinit>(0C7B.java:2)
Byte
--------------------
01:56:58.607 okio.ByteString
->utf8(0D44.java:10)
FirebaseHeartBeatW0RFRkFVTFRd+MToxMDM4MzE0NjU0NTA6YW5kcm9pZDplMjkyMzc0MjE3NDA5YWE3OGM5Njkz.preferences_pb
--------------------
01:56:58.607 kotlin.text.StringsKt__StringsKt
->substringAfterLast$default(0CA6.java:28)
Double
--------------------
01:56:58.607 kotlin.text.StringsKt
->V(0CA8.java:13)
Double
--------------------
01:56:58.607 kotlin.jvm.internal.ClassReference
-><clinit>(0C7B.java:2)
Double
--------------------
01:56:58.607 kotlin.text.StringsKt__StringsKt
->substringAfterLast$default(0CA6.java:28)
Collection
--------------------
01:56:58.607 kotlin.text.StringsKt
->V(0CA8.java:13)
Collection
--------------------
01:56:58.607 okio._JvmPlatformKt
->toUtf8String(0D55.java:1)
/data/user/0/com.fort.vpn.privacy.secure/files/datastore/FirebaseHeartBeatW0RFRkFVTFRd+MToxMDM4MzE0NjU0NTA6YW5kcm9pZDplMjkyMzc0MjE3NDA5YWE3OGM5Njkz.preferences_pb.tmp
--------------------
01:56:58.607 kotlin.jvm.internal.ClassReference
-><clinit>(0C7B.java:2)
Collection
--------------------
01:56:58.607 okio.ByteString
->utf8(0D44.java:10)
/data/user/0/com.fort.vpn.privacy.secure/files/datastore/FirebaseHeartBeatW0RFRkFVTFRd+MToxMDM4MzE0NjU0NTA6YW5kcm9pZDplMjkyMzc0MjE3NDA5YWE3OGM5Njkz.preferences_pb.tmp
--------------------
01:56:58.607 kotlin.text.StringsKt__StringsKt
->substringAfterLast$default(0CA6.java:28)
Companion
--------------------
01:56:58.607 kotlin.text.StringsKt
->V(0CA8.java:13)
Companion
--------------------
01:56:58.607 kotlin.jvm.internal.ClassReference
-><clinit>(0C7B.java:2)
Companion
--------------------
01:56:58.607 kotlin.text.StringsKt__StringsKt
->substringAfterLast$default(0CA6.java:28)
Function3
--------------------
01:56:58.607 kotlin.text.StringsKt
->V(0CA8.java:13)
Function3
--------------------
01:56:58.607 kotlin.jvm.internal.ClassReference
-><clinit>(0C7B.java:2)
Function3
--------------------
01:56:58.607 kotlin.text.StringsKt__StringsKt
->substringAfterLast$default(0CA6.java:28)
Set
--------------------
01:56:58.607 kotlin.text.StringsKt
->V(0CA8.java:13)
Set
--------------------
01:56:58.607 kotlin.jvm.internal.ClassReference
-><clinit>(0C7B.java:2)
Set
--------------------
01:56:58.607 kotlin.text.StringsKt__StringsKt
->substringAfterLast$default(0CA6.java:28)
Function4
--------------------
01:56:58.607 kotlin.text.StringsKt
->V(0CA8.java:13)
Function4
--------------------
01:56:58.607 kotlin.jvm.internal.ClassReference
-><clinit>(0C7B.java:2)
Function4
--------------------
01:56:58.607 kotlin.text.StringsKt__StringsKt
->substringAfterLast$default(0CA6.java:28)
Function1
--------------------
01:56:58.607 kotlin.text.StringsKt
->V(0CA8.java:13)
Function1
--------------------
01:56:58.608 kotlin.jvm.internal.ClassReference
-><clinit>(0C7B.java:2)
Function1
--------------------
01:56:58.608 kotlin.text.StringsKt__StringsKt
->substringAfterLast$default(0CA6.java:28)
Function2
--------------------
01:56:58.608 kotlin.text.StringsKt
->V(0CA8.java:13)
Function2
--------------------
01:56:58.608 kotlin.jvm.internal.ClassReference
-><clinit>(0C7B.java:2)
Function2
--------------------
01:56:58.608 kotlin.text.StringsKt__StringsKt
->substringAfterLast$default(0CA6.java:28)
Function0
--------------------
01:56:58.608 kotlin.text.StringsKt
->V(0CA8.java:13)
Function0
--------------------
01:56:58.608 kotlin.jvm.internal.ClassReference
-><clinit>(0C7B.java:2)
Function0
--------------------
01:56:58.608 kotlin.text.StringsKt__StringsKt
->substringAfterLast$default(0CA6.java:28)
List
--------------------
01:56:58.608 kotlin.text.StringsKt
->V(0CA8.java:13)
List
--------------------
01:56:58.608 kotlin.jvm.internal.ClassReference
-><clinit>(0C7B.java:2)
List
--------------------
01:56:58.608 kotlin.text.StringsKt__StringsKt
->substringAfterLast$default(0CA6.java:28)
Function9
--------------------
01:56:58.608 kotlin.text.StringsKt
->V(0CA8.java:13)
Function9
--------------------
01:56:58.608 kotlin.jvm.internal.ClassReference
-><clinit>(0C7B.java:2)
Function9
--------------------
01:56:58.608 kotlin.text.StringsKt__StringsKt
->substringAfterLast$default(0CA6.java:28)
Function7
--------------------
01:56:58.608 kotlin.text.StringsKt
->V(0CA8.java:13)
Function7
--------------------
01:56:58.608 kotlin.jvm.internal.ClassReference
-><clinit>(0C7B.java:2)
Function7
--------------------
01:56:58.608 kotlin.text.StringsKt__StringsKt
->substringAfterLast$default(0CA6.java:28)
Function8
--------------------
01:56:58.608 kotlin.text.StringsKt
->V(0CA8.java:13)
Function8
--------------------
01:56:58.608 kotlin.jvm.internal.ClassReference
-><clinit>(0C7B.java:2)
Function8
--------------------
01:56:58.608 kotlin.text.StringsKt__StringsKt
->substringAfterLast$default(0CA6.java:28)
Function5
--------------------
01:56:58.608 kotlin.text.StringsKt
->V(0CA8.java:13)
Function5
--------------------
01:56:58.609 kotlin.jvm.internal.ClassReference
-><clinit>(0C7B.java:2)
Function5
--------------------
01:56:58.609 kotlin.text.StringsKt__StringsKt
->substringAfterLast$default(0CA6.java:28)
Companion
--------------------
01:56:58.609 androidx.datastore.preferences.protobuf.i0$c
->a(011F.java:1)
fire-global
--------------------
01:56:58.609 kotlin.text.StringsKt
->V(0CA8.java:13)
Companion
--------------------
01:56:58.609 kotlin.jvm.internal.ClassReference
-><clinit>(0C7B.java:2)
Companion
--------------------
01:56:58.609 androidx.datastore.preferences.protobuf.i0$c
->a(011F.java:1)
last-used-date
--------------------
01:56:58.609 kotlin.text.StringsKt__StringsKt
->substringAfterLast$default(0CA6.java:28)
Function6
--------------------
01:56:58.609 androidx.datastore.preferences.protobuf.h$c
->t(011D.java:2)
2026-05-19
--------------------
01:56:58.609 androidx.datastore.preferences.protobuf.i0$c
->a(011F.java:1)
fire-count
--------------------
01:56:58.609 kotlin.text.StringsKt
->V(0CA8.java:13)
Function6
--------------------
01:56:58.609 kotlin.jvm.internal.ClassReference
-><clinit>(0C7B.java:2)
Function6
--------------------
01:56:58.609 androidx.datastore.preferences.protobuf.i0$c
->a(011F.java:1)
fire-cls/19.0.3 kotlin/2.1.10 fire-installations/18.0.0 android-min-sdk/26 fire-core/22.0.0 device-brand/Redmi fire-analytics/21.1.1 fire-fcm/25.0.0 fire-android/36 fire-iid/21.1.0 fire-core-ktx/21.0.0 android-installer/com.miui.packageinstaller android-platform/ fire-sessions/2.0.3 android-target-sdk/35 fire-transport/19.0.0 device-name/onyx device-model/onyx
--------------------
01:56:58.609 androidx.datastore.preferences.protobuf.h$c
->t(011D.java:2)
2026-05-19
--------------------
01:56:58.609 kotlin.text.StringsKt__StringsKt
->substringAfterLast$default(0CA6.java:28)
Annotation
--------------------
01:56:58.609 kotlin.text.StringsKt
->V(0CA8.java:13)
Annotation
--------------------
01:56:58.609 kotlin.jvm.internal.ClassReference
-><clinit>(0C7B.java:2)
Annotation
--------------------
01:56:58.609 kotlin.text.StringsKt__StringsKt
->substringAfterLast$default(0CA6.java:28)
Throwable
--------------------
01:56:58.609 kotlin.text.StringsKt
->V(0CA8.java:13)
Throwable
--------------------
01:56:58.609 kotlin.jvm.internal.ClassReference
-><clinit>(0C7B.java:2)
Throwable
--------------------
01:56:58.609 kotlin.text.StringsKt__StringsKt
->substringAfterLast$default(0CA6.java:28)
Function18
--------------------
01:56:58.609 kotlin.text.StringsKt
->V(0CA8.java:13)
Function18
--------------------
01:56:58.609 kotlin.jvm.internal.ClassReference
-><clinit>(0C7B.java:2)
Function18
--------------------
01:56:58.609 kotlin.text.StringsKt__StringsKt
->substringAfterLast$default(0CA6.java:28)
Function19
--------------------
01:56:58.609 kotlin.text.StringsKt
->V(0CA8.java:13)
Function19
--------------------
01:56:58.609 kotlin.jvm.internal.ClassReference
-><clinit>(0C7B.java:2)
Function19
--------------------
01:56:58.609 kotlin.text.StringsKt__StringsKt
->substringAfterLast$default(0CA6.java:28)
Function14
--------------------
01:56:58.610 kotlin.text.StringsKt
->V(0CA8.java:13)
Function14
--------------------
01:56:58.610 kotlin.jvm.internal.ClassReference
-><clinit>(0C7B.java:2)
Function14
--------------------
01:56:58.610 kotlin.text.StringsKt__StringsKt
->substringAfterLast$default(0CA6.java:28)
Double
--------------------
01:56:58.610 kotlin.text.StringsKt
->V(0CA8.java:13)
Double
--------------------
01:56:58.610 kotlin.jvm.internal.ClassReference
-><clinit>(0C7B.java:2)
Double
--------------------
01:56:58.610 kotlin.text.StringsKt__StringsKt
->substringAfterLast$default(0CA6.java:28)
Function15
--------------------
01:56:58.610 kotlin.text.StringsKt
->V(0CA8.java:13)
Function15
--------------------
01:56:58.610 kotlin.jvm.internal.ClassReference
-><clinit>(0C7B.java:2)
Function15
--------------------
01:56:58.610 kotlin.text.StringsKt__StringsKt
->substringAfterLast$default(0CA6.java:28)
Function16
--------------------
01:56:58.610 kotlin.text.StringsKt
->V(0CA8.java:13)
Function16
--------------------
01:56:58.610 kotlin.jvm.internal.ClassReference
-><clinit>(0C7B.java:2)
Function16
--------------------
01:56:58.610 kotlin.text.StringsKt__StringsKt
->substringAfterLast$default(0CA6.java:28)
Function17
--------------------
01:56:58.610 kotlin.text.StringsKt
->V(0CA8.java:13)
Function17
--------------------
01:56:58.610 kotlin.jvm.internal.ClassReference
-><clinit>(0C7B.java:2)
Function17
--------------------
01:56:58.610 kotlin.text.StringsKt__StringsKt
->substringAfterLast$default(0CA6.java:28)
Function10
--------------------
01:56:58.610 kotlin.text.StringsKt
->V(0CA8.java:13)
Function10
--------------------
01:56:58.610 kotlin.jvm.internal.ClassReference
-><clinit>(0C7B.java:2)
Function10
--------------------
01:56:58.610 kotlin.text.StringsKt__StringsKt
->substringAfterLast$default(0CA6.java:28)
Function11
--------------------
01:56:58.610 kotlin.text.StringsKt
->V(0CA8.java:13)
Function11
--------------------
01:56:58.610 kotlin.jvm.internal.ClassReference
-><clinit>(0C7B.java:2)
Function11
--------------------
01:56:58.610 kotlin.text.StringsKt__StringsKt
->substringAfterLast$default(0CA6.java:28)
Function12
--------------------
01:56:58.611 kotlin.text.StringsKt
->V(0CA8.java:13)
Function12
--------------------
01:56:58.611 kotlin.jvm.internal.ClassReference
-><clinit>(0C7B.java:2)
Function12
--------------------
01:56:58.611 kotlin.text.StringsKt__StringsKt
->substringAfterLast$default(0CA6.java:28)
Function13
--------------------
01:56:58.611 kotlin.text.StringsKt
->V(0CA8.java:13)
Function13
--------------------
01:56:58.611 kotlin.jvm.internal.ClassReference
-><clinit>(0C7B.java:2)
Function13
--------------------
01:56:58.611 kotlin.text.StringsKt__StringsKt
->substringAfterLast$default(0CA6.java:28)
Iterable
--------------------
01:56:58.611 kotlin.text.StringsKt
->V(0CA8.java:13)
Iterable
--------------------
01:56:58.611 kotlin.jvm.internal.ClassReference
-><clinit>(0C7B.java:2)
Iterable
--------------------
01:56:58.611 kotlin.text.StringsKt__StringsKt
->substringAfterLast$default(0CA6.java:28)
Long
--------------------
01:56:58.612 kotlin.text.StringsKt
->V(0CA8.java:13)
Long
--------------------
01:56:58.612 kotlin.jvm.internal.ClassReference
-><clinit>(0C7B.java:2)
Long
--------------------
01:56:58.612 kotlin.text.StringsKt__StringsKt
->substringAfterLast$default(0CA6.java:28)
Companion
--------------------
01:56:58.612 kotlin.text.StringsKt
->V(0CA8.java:13)
Companion
--------------------
01:56:58.612 kotlin.jvm.internal.ClassReference
-><clinit>(0C7B.java:2)
Companion
--------------------
01:56:58.612 kotlin.text.StringsKt__StringsKt
->substringAfterLast$default(0CA6.java:28)
Boolean
--------------------
01:56:58.612 kotlin.text.StringsKt
->V(0CA8.java:13)
Boolean
--------------------
01:56:58.612 kotlin.jvm.internal.ClassReference
-><clinit>(0C7B.java:2)
Boolean
--------------------
01:56:58.612 androidx.datastore.preferences.protobuf.i0$c
->a(011F.java:1)
fire-global
--------------------
01:56:58.612 kotlin.text.StringsKt__StringsKt
->substringAfterLast$default(0CA6.java:28)
String
--------------------
01:56:58.612 androidx.datastore.preferences.protobuf.i0$c
->a(011F.java:1)
last-used-date
--------------------
01:56:58.612 kotlin.text.StringsKt
->V(0CA8.java:13)
String
--------------------
01:56:58.612 kotlin.jvm.internal.ClassReference
-><clinit>(0C7B.java:2)
String
--------------------
01:56:58.612 androidx.datastore.preferences.protobuf.h$c
->t(011D.java:2)
2026-05-19
--------------------
01:56:58.612 kotlin.text.StringsKt__StringsKt
->substringAfterLast$default(0CA6.java:28)
Number
--------------------
01:56:58.612 androidx.datastore.preferences.protobuf.i0$c
->a(011F.java:1)
fire-count
--------------------
01:56:58.612 kotlin.text.StringsKt
->V(0CA8.java:13)
Number
--------------------
01:56:58.612 kotlin.jvm.internal.ClassReference
-><clinit>(0C7B.java:2)
Number
--------------------
01:56:58.612 androidx.datastore.preferences.protobuf.i0$c
->a(011F.java:1)
fire-cls/19.0.3 kotlin/2.1.10 fire-installations/18.0.0 android-min-sdk/26 fire-core/22.0.0 device-brand/Redmi fire-analytics/21.1.1 fire-fcm/25.0.0 fire-android/36 fire-iid/21.1.0 fire-core-ktx/21.0.0 android-installer/com.miui.packageinstaller android-platform/ fire-sessions/2.0.3 android-target-sdk/35 fire-transport/19.0.0 device-name/onyx device-model/onyx
--------------------
01:56:58.612 androidx.datastore.preferences.protobuf.h$c
->t(011D.java:2)
2026-05-19
--------------------
01:56:58.612 kotlin.text.StringsKt__StringsKt
->substringAfterLast$default(0CA6.java:28)
Companion
--------------------
01:56:58.613 kotlin.text.StringsKt
->V(0CA8.java:13)
Companion
--------------------
01:56:58.613 kotlin.jvm.internal.ClassReference
-><clinit>(0C7B.java:2)
Companion
--------------------
01:56:58.613 kotlin.text.StringsKt__StringsKt
->substringAfterLast$default(0CA6.java:28)
Companion
--------------------
01:56:58.613 kotlin.text.StringsKt
->V(0CA8.java:13)
Companion
--------------------
01:56:58.613 com.transsion.athena.data.AppIdData
->c(0BBB.java:2)
com.miui.packageinstaller
--------------------
01:56:58.613 kotlin.jvm.internal.ClassReference
-><clinit>(0C7B.java:2)
Companion
--------------------
01:56:58.613 com.transsion.athena.taaneh.d
->u(0BCE.java:24)
com.fort.vpn.privacy.secure
--------------------
01:56:58.613 kotlin.text.StringsKt__StringsKt
->substringAfterLast$default(0CA6.java:28)
Companion
--------------------
01:56:58.613 kotlin.text.StringsKt
->V(0CA8.java:13)
Companion
--------------------
01:56:58.613 com.transsion.athena.data.AppIdData
->c(0BBB.java:3)
1.1.3.00002
--------------------
01:56:58.613 kotlin.jvm.internal.ClassReference
-><clinit>(0C7B.java:2)
Companion
--------------------
01:56:58.613 com.transsion.athena.taaneh.d
->t(0BCE.java:22)
com.fort.vpn.privacy.secure
--------------------
01:56:58.613 kotlin.text.StringsKt__StringsKt
->substringAfterLast$default(0CA6.java:28)
Entry
--------------------
01:56:58.613 com.transsion.athena.data.AppIdData
->c(0BBB.java:4)
30
--------------------
01:56:58.613 kotlin.text.StringsKt
->V(0CA8.java:13)
Entry
--------------------
01:56:58.613 kotlin.jvm.internal.ClassReference
-><clinit>(0C7B.java:2)
Entry
--------------------
01:56:58.613 kotlin.text.StringsKt__StringsKt
->substringAfterLast$default(0CA6.java:28)
Iterator
--------------------
01:56:58.613 com.transsion.athena.data.AppIdData
->c(0BBB.java:1)
com.fort.vpn.privacy.secure
--------------------
01:56:58.613 kotlin.text.StringsKt
->V(0CA8.java:13)
Iterator
--------------------
01:56:58.613 com.transsion.athena.taaneh.d
->p(0BCE.java:20)
com.fort.vpn.privacy.secure
--------------------
01:56:58.613 kotlin.jvm.internal.ClassReference
-><clinit>(0C7B.java:2)
Iterator
--------------------
01:56:58.613 kotlin.text.StringsKt__StringsKt
->substringAfterLast$default(0CA6.java:28)
Function21
--------------------
01:56:58.613 kotlin.text.StringsKt
->V(0CA8.java:13)
Function21
--------------------
01:56:58.614 kotlin.jvm.internal.ClassReference
-><clinit>(0C7B.java:2)
Function21
--------------------
01:56:58.614 kotlin.text.StringsKt__StringsKt
->substringAfterLast$default(0CA6.java:28)
Function22
--------------------
01:56:58.614 kotlin.text.StringsKt
->V(0CA8.java:13)
Function22
--------------------
01:56:58.614 kotlin.jvm.internal.ClassReference
-><clinit>(0C7B.java:2)
Function22
--------------------
01:56:58.614 com.transsion.athena.data.AppIdData
->c(0BBB.java:2)
com.miui.packageinstaller
--------------------
01:56:58.614 kotlin.text.StringsKt__StringsKt
->substringAfterLast$default(0CA6.java:28)
Companion
--------------------
01:56:58.614 com.transsion.athena.taaneh.d
->u(0BCE.java:24)
com.fort.vpn.privacy.secure
--------------------
01:56:58.614 kotlin.text.StringsKt
->V(0CA8.java:13)
Companion
--------------------
01:56:58.614 kotlin.jvm.internal.ClassReference
-><clinit>(0C7B.java:2)
Companion
--------------------
01:56:58.614 com.transsion.athena.data.AppIdData
->c(0BBB.java:3)
1.1.3.00002
--------------------
01:56:58.614 kotlin.text.StringsKt__StringsKt
->substringAfterLast$default(0CA6.java:28)
Int
--------------------
01:56:58.614 com.transsion.athena.taaneh.d
->t(0BCE.java:22)
com.fort.vpn.privacy.secure
--------------------
01:56:58.614 kotlin.text.StringsKt
->V(0CA8.java:13)
Int
--------------------
01:56:58.614 com.transsion.athena.data.AppIdData
->c(0BBB.java:4)
30
--------------------
01:56:58.614 kotlin.jvm.internal.ClassReference
-><clinit>(0C7B.java:2)
Int
--------------------
01:56:58.614 kotlin.text.StringsKt__StringsKt
->substringAfterLast$default(0CA6.java:28)
Function20
--------------------
01:56:58.614 kotlin.text.StringsKt
->V(0CA8.java:13)
Function20
--------------------
01:56:58.614 okio._JvmPlatformKt
->toUtf8String(0D55.java:1)
/data/user/0/com.fort.vpn.privacy.secure/files/datastore
--------------------
01:56:58.614 kotlin.jvm.internal.ClassReference
-><clinit>(0C7B.java:2)
Function20
--------------------
01:56:58.614 okio.ByteString
->utf8(0D44.java:10)
/data/user/0/com.fort.vpn.privacy.secure/files/datastore
--------------------
01:56:58.614 kotlin.text.StringsKt__StringsKt
->substringAfterLast$default(0CA6.java:28)
Boolean
--------------------
01:56:58.614 okio._JvmPlatformKt
->toUtf8String(0D55.java:1)
FirebaseHeartBeatW0RFRkFVTFRd+MToxMDM4MzE0NjU0NTA6YW5kcm9pZDplMjkyMzc0MjE3NDA5YWE3OGM5Njkz.preferences_pb
--------------------
01:56:58.614 kotlin.text.StringsKt
->V(0CA8.java:13)
Boolean
--------------------
01:56:58.614 okio.ByteString
->utf8(0D44.java:10)
FirebaseHeartBeatW0RFRkFVTFRd+MToxMDM4MzE0NjU0NTA6YW5kcm9pZDplMjkyMzc0MjE3NDA5YWE3OGM5Njkz.preferences_pb
--------------------
01:56:58.614 kotlin.jvm.internal.ClassReference
-><clinit>(0C7B.java:2)
Boolean
--------------------
01:56:58.614 kotlin.text.StringsKt__StringsKt
->substringAfterLast$default(0CA6.java:28)
Char
--------------------
01:56:58.615 kotlin.text.StringsKt
->V(0CA8.java:13)
Char
--------------------
01:56:58.615 okio._JvmPlatformKt
->toUtf8String(0D55.java:1)
/data/user/0/com.fort.vpn.privacy.secure/files/datastore/FirebaseHeartBeatW0RFRkFVTFRd+MToxMDM4MzE0NjU0NTA6YW5kcm9pZDplMjkyMzc0MjE3NDA5YWE3OGM5Njkz.preferences_pb.tmp
--------------------
01:56:58.615 kotlin.jvm.internal.ClassReference
-><clinit>(0C7B.java:2)
Char
--------------------
01:56:58.615 kotlin.text.StringsKt__StringsKt
->substringAfterLast$default(0CA6.java:28)
Short
--------------------
01:56:58.615 okio.ByteString
->utf8(0D44.java:10)
/data/user/0/com.fort.vpn.privacy.secure/files/datastore/FirebaseHeartBeatW0RFRkFVTFRd+MToxMDM4MzE0NjU0NTA6YW5kcm9pZDplMjkyMzc0MjE3NDA5YWE3OGM5Njkz.preferences_pb.tmp
--------------------
01:56:58.615 kotlin.text.StringsKt
->V(0CA8.java:13)
Short
--------------------
01:56:58.615 kotlin.jvm.internal.ClassReference
-><clinit>(0C7B.java:2)
Short
--------------------
01:56:58.615 kotlin.text.StringsKt__StringsKt
->substringAfterLast$default(0CA6.java:28)
Any
--------------------
01:56:58.615 kotlin.text.StringsKt
->V(0CA8.java:13)
Any
--------------------
01:56:58.615 kotlin.jvm.internal.ClassReference
-><clinit>(0C7B.java:2)
Any
--------------------
01:56:58.615 kotlin.text.StringsKt__StringsKt
->substringAfterLast$default(0CA6.java:28)
Comparable
--------------------
01:56:58.615 kotlin.text.StringsKt
->V(0CA8.java:13)
Comparable
--------------------
01:56:58.615 kotlin.jvm.internal.ClassReference
-><clinit>(0C7B.java:2)
Comparable
--------------------
01:56:58.616 kotlin.text.StringsKt__StringsJVMKt
->replace$default(0CA5.java:22)
WorkDatabase
--------------------
01:56:58.616 kotlin.text.StringsKt
->J(0CA8.java:8)
WorkDatabase
--------------------
01:56:58.616 androidx.room.RoomDatabase$a
->b(0155.java:2)
WorkDatabase
--------------------
01:56:58.617 androidx.datastore.preferences.protobuf.i0$c
->a(011F.java:1)
fire-global
--------------------
01:56:58.617 androidx.datastore.preferences.protobuf.i0$c
->a(011F.java:1)
last-used-date
--------------------
01:56:58.617 androidx.datastore.preferences.protobuf.h$c
->t(011D.java:2)
2026-05-19
--------------------
01:56:58.617 X0.l
-><clinit>(00BE.java:1)
WM-NetworkStateTracker
--------------------
01:56:58.617 androidx.datastore.preferences.protobuf.i0$c
->a(011F.java:1)
fire-count
--------------------
01:56:58.617 androidx.work.impl.t
-><clinit>(017B.java:1)
WM-Processor
--------------------
01:56:58.617 androidx.datastore.preferences.protobuf.i0$c
->a(011F.java:1)
fire-cls/19.0.3 kotlin/2.1.10 fire-installations/18.0.0 android-min-sdk/26 fire-core/22.0.0 device-brand/Redmi fire-analytics/21.1.1 fire-fcm/25.0.0 fire-android/36 fire-iid/21.1.0 fire-core-ktx/21.0.0 android-installer/com.miui.packageinstaller android-platform/ fire-sessions/2.0.3 android-target-sdk/35 fire-transport/19.0.0 device-name/onyx device-model/onyx
--------------------
01:56:58.618 androidx.work.impl.y
-><clinit>(018A.java:1)
WM-Schedulers
--------------------
01:56:58.618 androidx.datastore.preferences.protobuf.h$c
->t(011D.java:2)
2026-05-19
--------------------
01:56:58.618 U0.e
-><clinit>(00A5.java:1)
WM-SystemJobScheduler
--------------------
01:56:58.618 U0.d
-><clinit>(00A4.java:1)
WM-SystemJobInfoConvert
--------------------
01:56:58.618 androidx.work.impl.utils.j
-><clinit>(0185.java:1)
WM-PackageManagerHelper
--------------------
01:56:58.620 e8.a
->e(0C0E.java:5)
19b3face-2897-3e7d-bf6c-58e435efe728
--------------------
01:56:58.620 com.android.billingclient.api.W
->a(01A3.java:1)
/storage/emulated/0/Documents/.sys_id.dat
--------------------
01:56:58.620 com.transsion.sdk.oneid.data.GroupFpInfo
-><init>(0C03.java:2)
/storage/emulated/0/Documents/.sys_id.dat
--------------------
01:56:58.620 androidx.datastore.preferences.protobuf.i0$c
->a(011F.java:1)
fire-global
--------------------
01:56:58.620 androidx.datastore.preferences.protobuf.i0$c
->a(011F.java:1)
last-used-date
--------------------
01:56:58.621 androidx.datastore.preferences.protobuf.h$c
->t(011D.java:2)
2026-05-19
--------------------
01:56:58.621 androidx.datastore.preferences.protobuf.i0$c
->a(011F.java:1)
fire-count
--------------------
01:56:58.621 androidx.datastore.preferences.protobuf.i0$c
->a(011F.java:1)
fire-cls/19.0.3 kotlin/2.1.10 fire-installations/18.0.0 android-min-sdk/26 fire-core/22.0.0 device-brand/Redmi fire-analytics/21.1.1 fire-fcm/25.0.0 fire-android/36 fire-iid/21.1.0 fire-core-ktx/21.0.0 android-installer/com.miui.packageinstaller android-platform/ fire-sessions/2.0.3 android-target-sdk/35 fire-transport/19.0.0 device-name/onyx device-model/onyx
--------------------
01:56:58.621 androidx.datastore.preferences.protobuf.h$c
->t(011D.java:2)
2026-05-19
--------------------
01:56:58.622 okio._JvmPlatformKt
->toUtf8String(0D55.java:1)
/data/user/0/com.fort.vpn.privacy.secure/files/datastore
--------------------
01:56:58.622 okio.ByteString
->utf8(0D44.java:10)
/data/user/0/com.fort.vpn.privacy.secure/files/datastore
--------------------
01:56:58.622 okio._JvmPlatformKt
->toUtf8String(0D55.java:1)
FirebaseHeartBeatW0RFRkFVTFRd+MToxMDM4MzE0NjU0NTA6YW5kcm9pZDplMjkyMzc0MjE3NDA5YWE3OGM5Njkz.preferences_pb
--------------------
01:56:58.622 okio.ByteString
->utf8(0D44.java:10)
FirebaseHeartBeatW0RFRkFVTFRd+MToxMDM4MzE0NjU0NTA6YW5kcm9pZDplMjkyMzc0MjE3NDA5YWE3OGM5Njkz.preferences_pb
--------------------
01:56:58.622 okio._JvmPlatformKt
->toUtf8String(0D55.java:1)
/data/user/0/com.fort.vpn.privacy.secure/files/datastore/FirebaseHeartBeatW0RFRkFVTFRd+MToxMDM4MzE0NjU0NTA6YW5kcm9pZDplMjkyMzc0MjE3NDA5YWE3OGM5Njkz.preferences_pb.tmp
--------------------
01:56:58.622 okio.ByteString
->utf8(0D44.java:10)
/data/user/0/com.fort.vpn.privacy.secure/files/datastore/FirebaseHeartBeatW0RFRkFVTFRd+MToxMDM4MzE0NjU0NTA6YW5kcm9pZDplMjkyMzc0MjE3NDA5YWE3OGM5Njkz.preferences_pb.tmp
--------------------
01:56:58.623 androidx.work.impl.background.greedy.b
-><clinit>(016C.java:1)
WM-GreedyScheduler
--------------------
01:56:58.624 androidx.work.impl.background.greedy.a
-><clinit>(016B.java:1)
WM-DelayedWorkTracker
--------------------
01:56:58.624 W0.g
-><clinit>(00AD.java:1)
WM-NetworkNotRoamingCtr
--------------------
01:56:58.624 W0.f
-><clinit>(00AC.java:1)
WM-NetworkMeteredCtrlr
--------------------
01:56:58.624 androidx.work.impl.utils.ForceStopRunnable
-><clinit>(017E.java:1)
WM-ForceStopRunnable
--------------------
01:56:58.625 androidx.datastore.preferences.protobuf.i0$c
->a(011F.java:1)
fire-global
--------------------
01:56:58.625 androidx.datastore.preferences.protobuf.i0$c
->a(011F.java:1)
last-used-date
--------------------
01:56:58.625 androidx.datastore.preferences.protobuf.h$c
->t(011D.java:2)
2026-05-19
--------------------
01:56:58.625 androidx.datastore.preferences.protobuf.i0$c
->a(011F.java:1)
fire-count
--------------------
01:56:58.625 androidx.datastore.preferences.protobuf.i0$c
->a(011F.java:1)
fire-cls/19.0.3 kotlin/2.1.10 fire-installations/18.0.0 android-min-sdk/26 fire-core/22.0.0 device-brand/Redmi fire-analytics/21.1.1 fire-fcm/25.0.0 fire-android/36 fire-iid/21.1.0 fire-core-ktx/21.0.0 android-installer/com.miui.packageinstaller android-platform/ fire-sessions/2.0.3 android-target-sdk/35 fire-transport/19.0.0 device-name/onyx device-model/onyx
--------------------
01:56:58.625 androidx.datastore.preferences.protobuf.h$c
->t(011D.java:2)
2026-05-19
--------------------
01:56:58.627 j7.f
->handleMessage(0C30.java:14)
api.twibida.com
--------------------
01:56:58.627 com.transsion.push.tracker.Tracker
-><init>(0BF9.java:1)
1.1.3.00002
--------------------
01:56:58.627 com.transsion.athena.data.AppIdData
->c(0BBB.java:1)
com.fort.vpn.privacy.secure
--------------------
01:56:58.627 com.transsion.athena.taaneh.d
->p(0BCE.java:20)
com.fort.vpn.privacy.secure
--------------------
01:56:58.628 K0.a
-><init>(0077.java:1)
/data/user/0/com.fort.vpn.privacy.secure/no_backup/androidx.work.workdb.lck
--------------------
01:56:58.629 com.transsion.push.utils.i
->a(0BFB.java:1)
wifi
--------------------
01:56:58.634 com.google.firebase.iid.FirebaseInstanceId
->f(09B7.java:3)
103831465450
--------------------
01:56:58.634 com.google.firebase.iid.o
->b(09BE.java:5)

--------------------
01:56:58.634 com.google.firebase.iid.o
->b(09BE.java:6)
103831465450
--------------------
01:56:58.634 com.google.firebase.iid.FirebaseInstanceId
->g(09B7.java:4)
|T|103831465450|*
--------------------
01:56:58.635 com.google.firebase.iid.Registrar$a
->c(09B8.java:1)
103831465450
--------------------
01:56:58.635 com.transsion.athena.data.AppIdData
->c(0BBB.java:2)
com.miui.packageinstaller
--------------------
01:56:58.635 com.transsion.athena.taaneh.d
->u(0BCE.java:24)
com.fort.vpn.privacy.secure
--------------------
01:56:58.635 com.transsion.athena.data.AppIdData
->c(0BBB.java:3)
1.1.3.00002
--------------------
01:56:58.635 com.transsion.athena.taaneh.d
->t(0BCE.java:22)
com.fort.vpn.privacy.secure
--------------------
01:56:58.635 com.transsion.athena.data.AppIdData
->c(0BBB.java:4)
30
--------------------
01:56:58.635 androidx.datastore.preferences.protobuf.i0$c
->a(011F.java:1)
fire-global
--------------------
01:56:58.635 androidx.datastore.preferences.protobuf.i0$c
->a(011F.java:1)
last-used-date
--------------------
01:56:58.636 androidx.datastore.preferences.protobuf.h$c
->t(011D.java:2)
2026-05-19
--------------------
01:56:58.636 com.google.android.gms.common.api.b
-><init>(0632.java:1)
null
--------------------
01:56:58.636 androidx.datastore.preferences.protobuf.i0$c
->a(011F.java:1)
fire-count
--------------------
01:56:58.636 androidx.datastore.preferences.protobuf.i0$c
->a(011F.java:1)
fire-cls/19.0.3 kotlin/2.1.10 fire-installations/18.0.0 android-min-sdk/26 fire-core/22.0.0 device-brand/Redmi fire-analytics/21.1.1 fire-fcm/25.0.0 fire-android/36 fire-iid/21.1.0 fire-core-ktx/21.0.0 android-installer/com.miui.packageinstaller android-platform/ fire-sessions/2.0.3 android-target-sdk/35 fire-transport/19.0.0 device-name/onyx device-model/onyx
--------------------
01:56:58.636 androidx.datastore.preferences.protobuf.h$c
->t(011D.java:2)
2026-05-19
--------------------
01:56:58.637 n4.a
->b(0CE7.java:1)
W0RFRkFVTFRd
--------------------
01:56:58.637 o5.f
->d(0CEC.java:2)
W0RFRkFVTFRd
--------------------
01:56:58.637 n4.a
->b(0CE7.java:1)
MToxMDM4MzE0NjU0NTA6YW5kcm9pZDplMjkyMzc0MjE3NDA5YWE3OGM5Njkz
--------------------
01:56:58.637 o5.f
->d(0CEC.java:3)
MToxMDM4MzE0NjU0NTA6YW5kcm9pZDplMjkyMzc0MjE3NDA5YWE3OGM5Njkz
--------------------
01:56:58.637 com.google.firebase.iid.o
->a(09BE.java:3)
W0RFRkFVTFRd+MToxMDM4MzE0NjU0NTA6YW5kcm9pZDplMjkyMzc0MjE3NDA5YWE3OGM5Njkz
--------------------
01:56:58.637 com.google.firebase.iid.o
->a(09BE.java:4)
W0RFRkFVTFRd+MToxMDM4MzE0NjU0NTA6YW5kcm9pZDplMjkyMzc0MjE3NDA5YWE3OGM5Njkz|S|cre
--------------------
01:56:58.637 com.google.firebase.iid.o
->d(09BE.java:7)
W0RFRkFVTFRd+MToxMDM4MzE0NjU0NTA6YW5kcm9pZDplMjkyMzc0MjE3NDA5YWE3OGM5Njkz|S|cre
--------------------
01:56:58.637 com.google.firebase.iid.o
->a(09BE.java:3)
W0RFRkFVTFRd+MToxMDM4MzE0NjU0NTA6YW5kcm9pZDplMjkyMzc0MjE3NDA5YWE3OGM5Njkz
--------------------
01:56:58.638 com.google.firebase.iid.o
->a(09BE.java:4)
W0RFRkFVTFRd+MToxMDM4MzE0NjU0NTA6YW5kcm9pZDplMjkyMzc0MjE3NDA5YWE3OGM5Njkz|S|cre
--------------------
01:56:58.638 com.google.firebase.iid.o
->d(09BE.java:9)
W0RFRkFVTFRd+MToxMDM4MzE0NjU0NTA6YW5kcm9pZDplMjkyMzc0MjE3NDA5YWE3OGM5Njkz|S|cre
--------------------
01:56:58.638 kotlinx.coroutines.internal.x
->a(0CD1.java:1)
null
--------------------
01:56:58.641 com.google.firebase.iid.o
->b(09BE.java:5)

--------------------
01:56:58.642 com.google.firebase.iid.o
->b(09BE.java:6)
103831465450
--------------------
01:56:58.642 com.google.firebase.iid.FirebaseInstanceId
->g(09B7.java:4)
|T|103831465450|*
--------------------
01:56:58.645 androidx.datastore.preferences.protobuf.i0$c
->a(011F.java:1)
fire-global
--------------------
01:56:58.645 androidx.datastore.preferences.protobuf.i0$c
->a(011F.java:1)
last-used-date
--------------------
01:56:58.645 androidx.datastore.preferences.protobuf.h$c
->t(011D.java:2)
2026-05-19
--------------------
01:56:58.645 androidx.datastore.preferences.protobuf.i0$c
->a(011F.java:1)
fire-count
--------------------
01:56:58.646 androidx.datastore.preferences.protobuf.i0$c
->a(011F.java:1)
fire-cls/19.0.3 kotlin/2.1.10 fire-installations/18.0.0 android-min-sdk/26 fire-core/22.0.0 device-brand/Redmi fire-analytics/21.1.1 fire-fcm/25.0.0 fire-android/36 fire-iid/21.1.0 fire-core-ktx/21.0.0 android-installer/com.miui.packageinstaller android-platform/ fire-sessions/2.0.3 android-target-sdk/35 fire-transport/19.0.0 device-name/onyx device-model/onyx
--------------------
01:56:58.646 androidx.datastore.preferences.protobuf.h$c
->t(011D.java:2)
2026-05-19
--------------------
01:56:58.646 com.google.firebase.iid.d
->a(09BB.java:1)
261833035
--------------------
01:56:58.647 okio._JvmPlatformKt
->toUtf8String(0D55.java:1)
/data/user/0/com.fort.vpn.privacy.secure/files/datastore
--------------------
01:56:58.647 okio.ByteString
->utf8(0D44.java:10)
/data/user/0/com.fort.vpn.privacy.secure/files/datastore
--------------------
01:56:58.647 okio._JvmPlatformKt
->toUtf8String(0D55.java:1)
FirebaseHeartBeatW0RFRkFVTFRd+MToxMDM4MzE0NjU0NTA6YW5kcm9pZDplMjkyMzc0MjE3NDA5YWE3OGM5Njkz.preferences_pb
--------------------
01:56:58.647 okio.ByteString
->utf8(0D44.java:10)
FirebaseHeartBeatW0RFRkFVTFRd+MToxMDM4MzE0NjU0NTA6YW5kcm9pZDplMjkyMzc0MjE3NDA5YWE3OGM5Njkz.preferences_pb
--------------------
01:56:58.648 okio._JvmPlatformKt
->toUtf8String(0D55.java:1)
/data/user/0/com.fort.vpn.privacy.secure/files/datastore/FirebaseHeartBeatW0RFRkFVTFRd+MToxMDM4MzE0NjU0NTA6YW5kcm9pZDplMjkyMzc0MjE3NDA5YWE3OGM5Njkz.preferences_pb.tmp
--------------------
01:56:58.648 okio.ByteString
->utf8(0D44.java:10)
/data/user/0/com.fort.vpn.privacy.secure/files/datastore/FirebaseHeartBeatW0RFRkFVTFRd+MToxMDM4MzE0NjU0NTA6YW5kcm9pZDplMjkyMzc0MjE3NDA5YWE3OGM5Njkz.preferences_pb.tmp
--------------------
01:56:58.648 e8.a
->e(0C0E.java:6)
javax.crypto.IllegalBlockSizeException
	at android.security.keystore2.AndroidKeyStoreCipherSpiBase.engineDoFinal(AndroidKeyStoreCipherSpiBase.java:634)
	at javax.crypto.Cipher.doFinal(Cipher.java:2074)
	at w7.a.f(Unknown Source:23)
	at e8.a.e(Unknown Source:65)
	at com.transsion.sdk.oneid.data.UniqueIdInfo.<init>(0C07.java:5)
	at com.transsion.sdk.oneid.data.GroupFpInfo.<init>(0C03.java:3)
	at com.transsion.sdk.oneid.g.handleMessage(0C0B.java:13)
	at android.os.Handler.dispatchMessage(Handler.java:110)
	at android.os.Looper.loopOnce(Looper.java:274)
	at android.os.Looper.loop(Looper.java:369)
	at android.os.HandlerThread.run(HandlerThread.java:85)
Caused by: android.security.KeyStoreException: Unknown error (internal Keystore code: -1000 message: system/security/keystore2/src/operation.rs:852: KeystoreOperation::finish

Caused by:
    0: system/security/keystore2/src/operation.rs:433: Finish failed for uid 10971
    1: Error::Km(r#UNKNOWN_ERROR)) (public error code: 10 internal Keystore code: -1000)
	at android.security.KeyStore2.getKeyStoreException(KeyStore2.java:428)
	at android.security.KeyStoreOperation.handleExceptions(KeyStoreOperation.java:79)
	at android.security.KeyStoreOperation.finish(KeyStoreOperation.java:132)
	at android.security.keystore2.KeyStoreCryptoOperationChunkedStreamer$MainDataStream.finish(KeyStoreCryptoOperationChunkedStreamer.java:228)
	at android.security.keystore2.KeyStoreCryptoOperationChunkedStreamer.doFinal(KeyStoreCryptoOperationChunkedStreamer.java:181)
	at android.security.keystore2.AndroidKeyStoreCipherSpiBase.engineDoFinal(AndroidKeyStoreCipherSpiBase.java:624)
	... 10 more

--------------------
01:56:58.649 com.transsion.sdk.oneid.data.UniqueIdInfo
-><init>(0C07.java:12)
javax.crypto.IllegalBlockSizeException
	at android.security.keystore2.AndroidKeyStoreCipherSpiBase.engineDoFinal(AndroidKeyStoreCipherSpiBase.java:634)
	at javax.crypto.Cipher.doFinal(Cipher.java:2074)
	at w7.a.f(Unknown Source:23)
	at e8.a.e(Unknown Source:65)
	at com.transsion.sdk.oneid.data.UniqueIdInfo.<init>(0C07.java:5)
	at com.transsion.sdk.oneid.data.GroupFpInfo.<init>(0C03.java:3)
	at com.transsion.sdk.oneid.g.handleMessage(0C0B.java:13)
	at android.os.Handler.dispatchMessage(Handler.java:110)
	at android.os.Looper.loopOnce(Looper.java:274)
	at android.os.Looper.loop(Looper.java:369)
	at android.os.HandlerThread.run(HandlerThread.java:85)
Caused by: android.security.KeyStoreException: Unknown error (internal Keystore code: -1000 message: system/security/keystore2/src/operation.rs:852: KeystoreOperation::finish

Caused by:
    0: system/security/keystore2/src/operation.rs:433: Finish failed for uid 10971
    1: Error::Km(r#UNKNOWN_ERROR)) (public error code: 10 internal Keystore code: -1000)
	at android.security.KeyStore2.getKeyStoreException(KeyStore2.java:428)
	at android.security.KeyStoreOperation.handleExceptions(KeyStoreOperation.java:79)
	at android.security.KeyStoreOperation.finish(KeyStoreOperation.java:132)
	at android.security.keystore2.KeyStoreCryptoOperationChunkedStreamer$MainDataStream.finish(KeyStoreCryptoOperationChunkedStreamer.java:228)
	at android.security.keystore2.KeyStoreCryptoOperationChunkedStreamer.doFinal(KeyStoreCryptoOperationChunkedStreamer.java:181)
	at android.security.keystore2.AndroidKeyStoreCipherSpiBase.engineDoFinal(AndroidKeyStoreCipherSpiBase.java:624)
	... 10 more

--------------------
01:56:58.647 com.google.firebase.iid.d
->a(09BB.java:2)
36
--------------------
01:56:58.650 com.google.firebase.iid.j
->d(09BC.java:2)
30
--------------------
01:56:58.650 com.google.firebase.iid.d
->a(09BB.java:3)
R1dAH9Ui7M-ynoznwBdw01tLxhI
--------------------
01:56:58.650 g2.n$a
->invokeSuspend(0563.java:1)
a7449b6bbdec1d63
--------------------
01:56:58.650 androidx.datastore.preferences.protobuf.i0$c
->a(011F.java:1)
fire-global
--------------------
01:56:58.651 androidx.datastore.preferences.protobuf.i0$c
->a(011F.java:1)
last-used-date
--------------------
01:56:58.651 androidx.datastore.preferences.protobuf.h$c
->t(011D.java:2)
2026-05-19
--------------------
01:56:58.651 androidx.datastore.preferences.protobuf.i0$c
->a(011F.java:1)
fire-count
--------------------
01:56:58.651 androidx.datastore.preferences.protobuf.i0$c
->a(011F.java:1)
fire-cls/19.0.3 kotlin/2.1.10 fire-installations/18.0.0 android-min-sdk/26 fire-core/22.0.0 device-brand/Redmi fire-analytics/21.1.1 fire-fcm/25.0.0 fire-android/36 fire-iid/21.1.0 fire-core-ktx/21.0.0 android-installer/com.miui.packageinstaller android-platform/ fire-sessions/2.0.3 android-target-sdk/35 fire-transport/19.0.0 device-name/onyx device-model/onyx
--------------------
01:56:58.651 androidx.datastore.preferences.protobuf.h$c
->t(011D.java:2)
2026-05-19
--------------------
01:56:58.652 g2.k
->a(0562.java:1)
a7449b6bbdec1d63
--------------------
01:56:58.652 kotlinx.coroutines.scheduling.CoroutineScheduler$Worker
->setIndexInArray(0CD2.java:1)
4
--------------------
01:56:58.654 kotlinx.coroutines.scheduling.CoroutineScheduler$Worker
->setIndexInArray(0CD2.java:1)
5
--------------------
01:56:58.654 kotlinx.coroutines.scheduling.CoroutineScheduler$Worker
->setIndexInArray(0CD2.java:1)
6
--------------------
01:56:58.655 androidx.datastore.preferences.protobuf.i0$c
->a(011F.java:1)
fire-global
--------------------
01:56:58.656 androidx.datastore.preferences.protobuf.i0$c
->a(011F.java:1)
last-used-date
--------------------
01:56:58.656 androidx.datastore.preferences.protobuf.h$c
->t(011D.java:2)
2026-05-19
--------------------
01:56:58.656 com.transsion.core.log.a
-><clinit>(0BD1.java:1)


--------------------
01:56:58.656 androidx.datastore.preferences.protobuf.i0$c
->a(011F.java:1)
fire-count
--------------------
01:56:58.656 androidx.datastore.preferences.protobuf.i0$c
->a(011F.java:1)
fire-cls/19.0.3 kotlin/2.1.10 fire-installations/18.0.0 android-min-sdk/26 fire-core/22.0.0 device-brand/Redmi fire-analytics/21.1.1 fire-fcm/25.0.0 fire-android/36 fire-iid/21.1.0 fire-core-ktx/21.0.0 android-installer/com.miui.packageinstaller android-platform/ fire-sessions/2.0.3 android-target-sdk/35 fire-transport/19.0.0 device-name/onyx device-model/onyx
--------------------
01:56:58.656 androidx.datastore.preferences.protobuf.h$c
->t(011D.java:2)
2026-05-19
--------------------
01:56:58.657 c0.c
->invoke(0193.java:1)
datastore/firebase_session_Y29tLmZvcnQudnBuLnByaXZhY3kuc2VjdXJl_data.preferences_pb
--------------------
01:56:58.658 kotlin.text.StringsKt
->U(0CA8.java:12)
preferences_pb
--------------------
01:56:58.658 kotlin.io.FilesKt__UtilsKt
->getExtension(0C6D.java:2)
preferences_pb
--------------------
01:56:58.658 d0.e
->invoke(054F.java:1)
preferences_pb
--------------------
01:56:58.658 okio._JvmPlatformKt
->toUtf8String(0D55.java:1)
/data/user/0/com.fort.vpn.privacy.secure/files/datastore/firebase_session_Y29tLmZvcnQudnBuLnByaXZhY3kuc2VjdXJl_data.preferences_pb
--------------------
01:56:58.658 okio.ByteString
->utf8(0D44.java:10)
/data/user/0/com.fort.vpn.privacy.secure/files/datastore/firebase_session_Y29tLmZvcnQudnBuLnByaXZhY3kuc2VjdXJl_data.preferences_pb
--------------------
01:56:58.658 okio._JvmPlatformKt
->toUtf8String(0D55.java:1)
/data/user/0/com.fort.vpn.privacy.secure/files/datastore/firebase_session_Y29tLmZvcnQudnBuLnByaXZhY3kuc2VjdXJl_data.preferences_pb
--------------------
01:56:58.659 okio.ByteString
->utf8(0D44.java:10)
/data/user/0/com.fort.vpn.privacy.secure/files/datastore/firebase_session_Y29tLmZvcnQudnBuLnByaXZhY3kuc2VjdXJl_data.preferences_pb
--------------------
01:56:58.659 okio._JvmPlatformKt
->toUtf8String(0D55.java:1)
/data/user/0/com.fort.vpn.privacy.secure/files/datastore/firebase_session_Y29tLmZvcnQudnBuLnByaXZhY3kuc2VjdXJl_data.preferences_pb
--------------------
01:56:58.659 okio.ByteString
->utf8(0D44.java:10)
/data/user/0/com.fort.vpn.privacy.secure/files/datastore/firebase_session_Y29tLmZvcnQudnBuLnByaXZhY3kuc2VjdXJl_data.preferences_pb
--------------------
01:56:58.660 androidx.datastore.preferences.protobuf.i0$c
->a(011F.java:1)
fire-global
--------------------
01:56:58.660 androidx.datastore.preferences.protobuf.i0$c
->a(011F.java:1)
last-used-date
--------------------
01:56:58.660 androidx.datastore.preferences.protobuf.h$c
->t(011D.java:2)
2026-05-19
--------------------
01:56:58.660 androidx.datastore.preferences.protobuf.i0$c
->a(011F.java:1)
fire-count
--------------------
01:56:58.660 androidx.datastore.preferences.protobuf.i0$c
->a(011F.java:1)
fire-cls/19.0.3 kotlin/2.1.10 fire-installations/18.0.0 android-min-sdk/26 fire-core/22.0.0 device-brand/Redmi fire-analytics/21.1.1 fire-fcm/25.0.0 fire-android/36 fire-iid/21.1.0 fire-core-ktx/21.0.0 android-installer/com.miui.packageinstaller android-platform/ fire-sessions/2.0.3 android-target-sdk/35 fire-transport/19.0.0 device-name/onyx device-model/onyx
--------------------
01:56:58.660 androidx.datastore.preferences.protobuf.h$c
->t(011D.java:2)
2026-05-19
--------------------
01:56:58.661 a4.l
->createFromParcel(05DD.java:1)
app_set_id
--------------------
01:56:58.661 okio._JvmPlatformKt
->toUtf8String(0D55.java:1)
/data/user/0/com.fort.vpn.privacy.secure/files/datastore
--------------------
01:56:58.661 okio.ByteString
->utf8(0D44.java:10)
/data/user/0/com.fort.vpn.privacy.secure/files/datastore
--------------------
01:56:58.661 com.google.firebase.iid.SyncTask
->maybeRefreshToken(09B9.java:1)
103831465450
--------------------
01:56:58.661 com.google.firebase.iid.o
->b(09BE.java:5)

--------------------
01:56:58.661 com.google.firebase.iid.o
->b(09BE.java:6)
103831465450
--------------------
01:56:58.661 com.google.firebase.iid.FirebaseInstanceId
->g(09B7.java:4)
|T|103831465450|*
--------------------
01:56:58.661 com.google.firebase.iid.FirebaseInstanceId
->b(09B7.java:2)
103831465450
--------------------
01:56:58.661 com.google.firebase.crashlytics.internal.common.G
->a(0992.java:1)
Crashlytics automatic data collection ENABLED by global Firebase setting.
--------------------
01:56:58.661 U7.g
->cancel(0B91.java:2)
p was cancelled
--------------------
01:56:58.661 okio._JvmPlatformKt
->toUtf8String(0D55.java:1)
FirebaseHeartBeatW0RFRkFVTFRd+MToxMDM4MzE0NjU0NTA6YW5kcm9pZDplMjkyMzc0MjE3NDA5YWE3OGM5Njkz.preferences_pb
--------------------
01:56:58.662 okio.ByteString
->utf8(0D44.java:10)
FirebaseHeartBeatW0RFRkFVTFRd+MToxMDM4MzE0NjU0NTA6YW5kcm9pZDplMjkyMzc0MjE3NDA5YWE3OGM5Njkz.preferences_pb
--------------------
01:56:58.662 okio._JvmPlatformKt
->toUtf8String(0D55.java:1)
/data/user/0/com.fort.vpn.privacy.secure/files/datastore/FirebaseHeartBeatW0RFRkFVTFRd+MToxMDM4MzE0NjU0NTA6YW5kcm9pZDplMjkyMzc0MjE3NDA5YWE3OGM5Njkz.preferences_pb.tmp
--------------------
01:56:58.662 okio.ByteString
->utf8(0D44.java:10)
/data/user/0/com.fort.vpn.privacy.secure/files/datastore/FirebaseHeartBeatW0RFRkFVTFRd+MToxMDM4MzE0NjU0NTA6YW5kcm9pZDplMjkyMzc0MjE3NDA5YWE3OGM5Njkz.preferences_pb.tmp
--------------------
01:56:58.663 U7.g
->cancel(0B91.java:2)
p was cancelled
--------------------
01:56:58.664 com.transsion.sdk.oneid.data.PackageInfo
-><init>(0C05.java:1)
1cc
--------------------
01:56:58.664 com.transsion.sdk.oneid.data.PackageInfo
-><init>(0C05.java:1)
138
--------------------
01:56:58.664 kotlin.text.StringsKt
->E(0CA8.java:3)
OkHttpClient
--------------------
01:56:58.664 okhttp3.internal.Util
-><clinit>(0D08.java:1)
OkHttpClient
--------------------
01:56:58.664 com.transsion.sdk.oneid.data.PackageInfo
-><init>(0C05.java:1)
186
--------------------
01:56:58.664 kotlin.text.StringsKt
->F(0CA8.java:4)
OkHttp
--------------------
01:56:58.664 okhttp3.internal.concurrent.TaskRunner
->newQueue(0D11.java:1)
Q10000
--------------------
01:56:58.664 okhttp3.internal.connection.RealConnectionPool
-><init>(0D17.java:1)
OkHttp ConnectionPool
--------------------
01:56:58.664 com.transsion.sdk.oneid.data.PackageInfo
-><init>(0C05.java:1)
101
--------------------
01:56:58.665 com.transsion.sdk.oneid.data.PackageInfo
-><init>(0C05.java:1)
1e9
--------------------
01:56:58.665 com.transsion.sdk.oneid.data.PackageInfo
-><init>(0C05.java:1)
1cf
--------------------
01:56:58.665 com.transsion.sdk.oneid.data.PackageInfo
-><init>(0C05.java:1)
1f4
--------------------
01:56:58.665 com.transsion.sdk.oneid.data.PackageInfo
-><init>(0C05.java:1)
10f
--------------------
01:56:58.665 com.transsion.sdk.oneid.data.PackageInfo
-><init>(0C05.java:1)
1a5
--------------------
01:56:58.665 com.transsion.sdk.oneid.data.PackageInfo
-><init>(0C05.java:1)
145
--------------------
01:56:58.665 com.transsion.sdk.oneid.data.PackageInfo
-><init>(0C05.java:1)
1e1
--------------------
01:56:58.665 com.transsion.sdk.oneid.data.PackageInfo
-><init>(0C05.java:1)
175
--------------------
01:56:58.665 com.transsion.sdk.oneid.data.PackageInfo
-><init>(0C05.java:1)
1d3
--------------------
01:56:58.665 com.transsion.sdk.oneid.data.PackageInfo
-><init>(0C05.java:1)
145
--------------------
01:56:58.665 com.transsion.sdk.oneid.data.PackageInfo
-><init>(0C05.java:1)
13e
--------------------
01:56:58.665 com.transsion.sdk.oneid.data.PackageInfo
-><init>(0C05.java:1)
195
--------------------
01:56:58.665 com.transsion.sdk.oneid.data.PackageInfo
-><init>(0C05.java:1)
174
--------------------
01:56:58.665 com.transsion.sdk.oneid.data.PackageInfo
-><init>(0C05.java:1)
15b
--------------------
01:56:58.665 okhttp3.internal.platform.Platform$Companion
->isAndroid(0D2F.java:1)
Dalvik
--------------------
01:56:58.665 com.transsion.sdk.oneid.data.PackageInfo
-><init>(0C05.java:1)
1c5
--------------------
01:56:58.665 com.transsion.sdk.oneid.data.PackageInfo
-><init>(0C05.java:1)
1a1
--------------------
01:56:58.665 com.transsion.sdk.oneid.data.PackageInfo
-><init>(0C05.java:1)
1e5
--------------------
01:56:58.665 okhttp3.internal.platform.Platform$Companion
->isAndroid(0D2F.java:1)
Dalvik
--------------------
01:56:58.665 okhttp3.internal.platform.Platform$Companion
->isAndroid(0D2F.java:1)
Dalvik
--------------------
01:56:58.665 com.transsion.sdk.oneid.data.PackageInfo
-><init>(0C05.java:1)
162
--------------------
01:56:58.665 com.transsion.sdk.oneid.data.PackageInfo
-><init>(0C05.java:1)
109
--------------------
01:56:58.665 okhttp3.internal.platform.Platform$Companion
->isAndroid(0D2F.java:1)
Dalvik
--------------------
01:56:58.666 okhttp3.internal.platform.Platform
->platformTrustManager(0D29.java:2)
PKIX
--------------------
01:56:58.665 com.transsion.sdk.oneid.data.PackageInfo
-><init>(0C05.java:1)
137
--------------------
01:56:58.666 com.transsion.sdk.oneid.data.PackageInfo
-><init>(0C05.java:1)
146
--------------------
01:56:58.666 com.transsion.sdk.oneid.data.PackageInfo
-><init>(0C05.java:1)
196
--------------------
01:56:58.666 com.transsion.sdk.oneid.data.PackageInfo
-><init>(0C05.java:1)
1f7
--------------------
01:56:58.666 androidx.datastore.preferences.protobuf.i0$c
->a(011F.java:1)
fire-global
--------------------
01:56:58.666 com.transsion.sdk.oneid.data.PackageInfo
-><init>(0C05.java:1)
1e6
--------------------
01:56:58.666 com.transsion.sdk.oneid.data.PackageInfo
-><init>(0C05.java:1)
148
--------------------
01:56:58.666 com.transsion.sdk.oneid.data.PackageInfo
-><init>(0C05.java:1)
1ce
--------------------
01:56:58.666 com.transsion.sdk.oneid.data.PackageInfo
-><init>(0C05.java:1)
14a
--------------------
01:56:58.666 androidx.datastore.preferences.protobuf.i0$c
->a(011F.java:1)
last-used-date
--------------------
01:56:58.667 androidx.datastore.preferences.protobuf.h$c
->t(011D.java:2)
2026-05-19
--------------------
01:56:58.667 androidx.datastore.preferences.protobuf.i0$c
->a(011F.java:1)
fire-count
--------------------
01:56:58.667 com.transsion.sdk.oneid.data.PackageInfo
-><init>(0C05.java:1)
186
--------------------
01:56:58.667 androidx.datastore.preferences.protobuf.i0$c
->a(011F.java:1)
fire-cls/19.0.3 kotlin/2.1.10 fire-installations/18.0.0 android-min-sdk/26 fire-core/22.0.0 device-brand/Redmi fire-analytics/21.1.1 fire-fcm/25.0.0 fire-android/36 fire-iid/21.1.0 fire-core-ktx/21.0.0 android-installer/com.miui.packageinstaller android-platform/ fire-sessions/2.0.3 android-target-sdk/35 fire-transport/19.0.0 device-name/onyx device-model/onyx
--------------------
01:56:58.667 androidx.datastore.preferences.protobuf.h$c
->t(011D.java:2)
2026-05-19
--------------------
01:56:58.667 com.transsion.sdk.oneid.data.PackageInfo
-><init>(0C05.java:2)
a7449b6bbdec1d63
--------------------
01:56:58.667 com.google.android.gms.appset.zzd
->createFromParcel(0623.java:1)
8b1b58d7-92e1-fa79-e9e7-78b79019f04f
--------------------
01:56:58.668 com.toolmatrix.feedback.a
->b(0B6D.java:1)
30
--------------------
01:56:58.668 com.toolmatrix.feedback.a
->b(0B6D.java:2)
1.1.3.00002
--------------------
01:56:58.668 com.transsion.sdk.oneid.f
->c(0C0A.java:4)
ro.board.platform
--------------------
01:56:58.668 com.transsion.sdk.oneid.data.DeviceInfo
-><init>(0C01.java:1)
sun
--------------------
01:56:58.669 A6.f
->a(05A5.java:1)
1koOmS7vw614CaDtyvRFl0XqXgzYB4u29TFb1sMrEmR3IcM+ppGjSlSW6rC2GB6h
--------------------
01:56:58.669 com.toolmatrix.feedback.a
->b(0B6D.java:3)
1koOmS7vw614CaDtyvRFl0XqXgzYB4u29TFb1sMrEmR3IcM+ppGjSlSW6rC2GB6h
--------------------
01:56:58.670 com.transsion.sdk.oneid.f
->a(0C0A.java:1)
238.4GB
--------------------
01:56:58.670 com.transsion.sdk.oneid.data.DeviceInfo
-><init>(0C01.java:2)
238.4GB
--------------------
01:56:58.670 okhttp3.HttpUrl$Builder
->parse$okhttp(0CFF.java:24)
feedback.liktronapp.com
--------------------
01:56:58.670 okhttp3.internal.HostnamesKt
->toCanonicalHost(0D07.java:2)
feedback.liktronapp.com
--------------------
01:56:58.672 n4.a
->b(0CE7.java:1)
W0RFRkFVTFRd
--------------------
01:56:58.670 okhttp3.HttpUrl$Builder
->push(0CFF.java:1)
api
--------------------
01:56:58.672 o5.f
->d(0CEC.java:2)
W0RFRkFVTFRd
--------------------
01:56:58.671 androidx.datastore.preferences.protobuf.i0$c
->a(011F.java:1)
fire-global
--------------------
01:56:58.672 okhttp3.HttpUrl$Builder
->push(0CFF.java:1)
feedback
--------------------
01:56:58.672 n4.a
->b(0CE7.java:1)
MToxMDM4MzE0NjU0NTA6YW5kcm9pZDplMjkyMzc0MjE3NDA5YWE3OGM5Njkz
--------------------
01:56:58.673 androidx.datastore.preferences.protobuf.i0$c
->a(011F.java:1)
last-used-date
--------------------
01:56:58.673 o5.f
->d(0CEC.java:3)
MToxMDM4MzE0NjU0NTA6YW5kcm9pZDplMjkyMzc0MjE3NDA5YWE3OGM5Njkz
--------------------
01:56:58.673 androidx.datastore.preferences.protobuf.h$c
->t(011D.java:2)
2026-05-19
--------------------
01:56:58.673 okhttp3.HttpUrl$Builder
->push(0CFF.java:1)
queryNotReadMessage
--------------------
01:56:58.673 com.google.firebase.iid.o
->a(09BE.java:3)
W0RFRkFVTFRd+MToxMDM4MzE0NjU0NTA6YW5kcm9pZDplMjkyMzc0MjE3NDA5YWE3OGM5Njkz
--------------------
01:56:58.673 com.google.firebase.iid.o
->a(09BE.java:4)
W0RFRkFVTFRd+MToxMDM4MzE0NjU0NTA6YW5kcm9pZDplMjkyMzc0MjE3NDA5YWE3OGM5Njkz|S|cre
--------------------
01:56:58.673 androidx.datastore.preferences.protobuf.i0$c
->a(011F.java:1)
fire-count
--------------------
01:56:58.673 okhttp3.HttpUrl$Builder
->build(0CFF.java:6)

--------------------
01:56:58.673 com.google.firebase.iid.o
->d(09BE.java:7)
W0RFRkFVTFRd+MToxMDM4MzE0NjU0NTA6YW5kcm9pZDplMjkyMzc0MjE3NDA5YWE3OGM5Njkz|S|cre
--------------------
01:56:58.673 okhttp3.HttpUrl$Builder
->build(0CFF.java:7)

--------------------
01:56:58.673 com.google.firebase.iid.o
->a(09BE.java:3)
W0RFRkFVTFRd+MToxMDM4MzE0NjU0NTA6YW5kcm9pZDplMjkyMzc0MjE3NDA5YWE3OGM5Njkz
--------------------
01:56:58.673 androidx.datastore.preferences.protobuf.i0$c
->a(011F.java:1)
fire-cls/19.0.3 kotlin/2.1.10 fire-installations/18.0.0 android-min-sdk/26 fire-core/22.0.0 device-brand/Redmi fire-analytics/21.1.1 fire-fcm/25.0.0 fire-android/36 fire-iid/21.1.0 fire-core-ktx/21.0.0 android-installer/com.miui.packageinstaller android-platform/ fire-sessions/2.0.3 android-target-sdk/35 fire-transport/19.0.0 device-name/onyx device-model/onyx
--------------------
01:56:58.673 com.google.firebase.iid.o
->a(09BE.java:4)
W0RFRkFVTFRd+MToxMDM4MzE0NjU0NTA6YW5kcm9pZDplMjkyMzc0MjE3NDA5YWE3OGM5Njkz|S|cre
--------------------
01:56:58.673 okhttp3.HttpUrl$Builder
->build(0CFF.java:8)
api
--------------------
01:56:58.673 com.google.firebase.iid.o
->d(09BE.java:9)
W0RFRkFVTFRd+MToxMDM4MzE0NjU0NTA6YW5kcm9pZDplMjkyMzc0MjE3NDA5YWE3OGM5Njkz|S|cre
--------------------
01:56:58.673 androidx.datastore.preferences.protobuf.h$c
->t(011D.java:2)
2026-05-19
--------------------
01:56:58.673 okhttp3.HttpUrl$Builder
->build(0CFF.java:8)
feedback
--------------------
01:56:58.673 okhttp3.HttpUrl$Builder
->build(0CFF.java:8)
queryNotReadMessage
--------------------
01:56:58.674 com.google.firebase.iid.o
->b(09BE.java:5)

--------------------
01:56:58.674 okio._JvmPlatformKt
->toUtf8String(0D55.java:1)
/data/user/0/com.fort.vpn.privacy.secure/files/datastore
--------------------
01:56:58.674 okio.ByteString
->utf8(0D44.java:10)
/data/user/0/com.fort.vpn.privacy.secure/files/datastore
--------------------
01:56:58.674 com.google.firebase.iid.o
->b(09BE.java:6)
103831465450
--------------------
01:56:58.674 com.google.firebase.iid.FirebaseInstanceId
->g(09B7.java:4)
|T|103831465450|*
--------------------
01:56:58.674 okio._JvmPlatformKt
->toUtf8String(0D55.java:1)
FirebaseHeartBeatW0RFRkFVTFRd+MToxMDM4MzE0NjU0NTA6YW5kcm9pZDplMjkyMzc0MjE3NDA5YWE3OGM5Njkz.preferences_pb
--------------------
01:56:58.674 okio.ByteString
->utf8(0D44.java:10)
FirebaseHeartBeatW0RFRkFVTFRd+MToxMDM4MzE0NjU0NTA6YW5kcm9pZDplMjkyMzc0MjE3NDA5YWE3OGM5Njkz.preferences_pb
--------------------
01:56:58.674 okio._JvmPlatformKt
->toUtf8String(0D55.java:1)
/data/user/0/com.fort.vpn.privacy.secure/files/datastore/FirebaseHeartBeatW0RFRkFVTFRd+MToxMDM4MzE0NjU0NTA6YW5kcm9pZDplMjkyMzc0MjE3NDA5YWE3OGM5Njkz.preferences_pb.tmp
--------------------
01:56:58.674 okio.ByteString
->utf8(0D44.java:10)
/data/user/0/com.fort.vpn.privacy.secure/files/datastore/FirebaseHeartBeatW0RFRkFVTFRd+MToxMDM4MzE0NjU0NTA6YW5kcm9pZDplMjkyMzc0MjE3NDA5YWE3OGM5Njkz.preferences_pb.tmp
--------------------
01:56:58.675 okhttp3.HttpUrl$Builder
->push(0CFF.java:1)
...
--------------------
01:56:58.675 okhttp3.HttpUrl$Builder
->username(0CFF.java:42)

--------------------
01:56:58.675 okhttp3.HttpUrl$Builder
->password(0CFF.java:29)

--------------------
01:56:58.675 com.transsion.sdk.oneid.f
->a(0C0A.java:1)
11.0GB
--------------------
01:56:58.675 com.transsion.sdk.oneid.data.DeviceInfo
-><init>(0C01.java:3)
11.0GB
--------------------
01:56:58.675 okhttp3.HttpUrl$Builder
->build(0CFF.java:6)

--------------------
01:56:58.675 okhttp3.HttpUrl$Builder
->build(0CFF.java:7)

--------------------
01:56:58.675 okhttp3.HttpUrl$Builder
->build(0CFF.java:8)
...
--------------------
01:56:58.676 okhttp3.HttpUrl$Builder
->host(0CFF.java:17)
feedback.liktronapp.com
--------------------
01:56:58.676 okhttp3.internal.HostnamesKt
->toCanonicalHost(0D07.java:2)
feedback.liktronapp.com
--------------------
01:56:58.676 okhttp3.HttpUrl$Builder
->build(0CFF.java:6)

--------------------
01:56:58.676 okhttp3.HttpUrl$Builder
->build(0CFF.java:7)

--------------------
01:56:58.676 okhttp3.HttpUrl$Builder
->build(0CFF.java:8)

--------------------
01:56:58.676 okhttp3.Headers
->get(0CFD.java:1)
null
--------------------
01:56:58.676 okhttp3.internal.Util
->toHostHeader$default(0D08.java:8)
feedback.liktronapp.com
--------------------
01:56:58.676 okhttp3.internal.http.BridgeInterceptor
->intercept(0D18.java:2)
feedback.liktronapp.com
--------------------
01:56:58.676 okhttp3.Headers
->get(0CFD.java:1)
null
--------------------
01:56:58.676 okhttp3.Headers
->get(0CFD.java:1)
null
--------------------
01:56:58.676 okhttp3.Headers
->get(0CFD.java:1)
null
--------------------
01:56:58.677 okhttp3.Headers
->get(0CFD.java:1)
null
--------------------
01:56:58.677 com.transsion.sdk.oneid.data.DeviceInfo
-><init>(0C01.java:4)
7550.0
--------------------
01:56:58.677 okhttp3.HttpUrl$Builder
->reencodeForUri$okhttp(0CFF.java:32)

--------------------
01:56:58.678 androidx.datastore.preferences.protobuf.i0$c
->a(011F.java:1)
fire-global
--------------------
01:56:58.678 androidx.datastore.preferences.protobuf.i0$c
->a(011F.java:1)
last-used-date
--------------------
01:56:58.678 androidx.datastore.preferences.protobuf.h$c
->t(011D.java:2)
2026-05-19
--------------------
01:56:58.679 androidx.datastore.preferences.protobuf.i0$c
->a(011F.java:1)
fire-count
--------------------
01:56:58.679 androidx.datastore.preferences.protobuf.i0$c
->a(011F.java:1)
fire-cls/19.0.3 kotlin/2.1.10 fire-installations/18.0.0 android-min-sdk/26 fire-core/22.0.0 device-brand/Redmi fire-analytics/21.1.1 fire-fcm/25.0.0 fire-android/36 fire-iid/21.1.0 fire-core-ktx/21.0.0 android-installer/com.miui.packageinstaller android-platform/ fire-sessions/2.0.3 android-target-sdk/35 fire-transport/19.0.0 device-name/onyx device-model/onyx
--------------------
01:56:58.679 androidx.datastore.preferences.protobuf.h$c
->t(011D.java:2)
2026-05-19
--------------------
01:56:58.684 com.transsion.sdk.oneid.data.FingerprintInfo
-><init>(0C02.java:1)
0
--------------------
01:56:58.684 com.transsion.sdk.oneid.data.FingerprintInfo
-><init>(0C02.java:2)
0
--------------------
01:56:58.685 com.transsion.sdk.oneid.f
->c(0C0A.java:4)
ro.product.build.id
--------------------
01:56:58.685 com.transsion.sdk.oneid.data.RomInfo
-><init>(0C06.java:1)
BP2A.250605.031.A3
--------------------
01:56:58.685 com.transsion.sdk.oneid.f
->c(0C0A.java:4)
ro.system.build.date.utc
--------------------
01:56:58.685 com.transsion.sdk.oneid.data.RomInfo
-><init>(0C06.java:2)
1776167344
--------------------
01:56:58.685 com.transsion.sdk.oneid.f
->c(0C0A.java:4)
ro.tranos.version
--------------------
01:56:58.685 com.transsion.sdk.oneid.data.RomInfo
-><init>(0C06.java:3)

--------------------
01:56:58.685 com.transsion.sdk.oneid.f
->c(0C0A.java:4)
ro.os_product.version
--------------------
01:56:58.685 com.transsion.sdk.oneid.data.RomInfo
-><init>(0C06.java:4)

--------------------
01:56:58.685 com.transsion.sdk.oneid.f
->c(0C0A.java:4)
ro.system.build.id
--------------------
01:56:58.685 com.transsion.sdk.oneid.data.RomInfo
-><init>(0C06.java:5)
BP2A.250605.031.A3
--------------------
01:56:58.685 com.transsion.sdk.oneid.f
->c(0C0A.java:4)
ro.vendor.build.security_patch
--------------------
01:56:58.686 com.transsion.sdk.oneid.data.RomInfo
-><init>(0C06.java:6)
2026-02-01
--------------------
01:56:58.686 com.transsion.sdk.oneid.f
->c(0C0A.java:4)
gsm.version.baseband
--------------------
01:56:58.686 com.transsion.sdk.oneid.data.RomInfo
-><init>(0C06.java:7)
MPSS.DE.7.0-CN-7009fc0e41,MPSS.DE.7.0-CN-7009fc0e41
--------------------
01:56:58.686 com.transsion.sdk.oneid.f
->c(0C0A.java:4)
ro.build.fingerprint
--------------------
01:56:58.686 com.transsion.sdk.oneid.data.RomInfo
-><init>(0C06.java:8)
Redmi/onyx/onyx:16/BP2A.250605.031.A3/OS3.0.303.0.WOLCNXM:user/release-keys
--------------------
01:56:58.686 com.google.gson.stream.JsonWriter
-><clinit>(09E0.java:1)
\u0000
--------------------
01:56:58.686 com.google.gson.stream.JsonWriter
-><clinit>(09E0.java:1)
\u0001
--------------------
01:56:58.686 com.google.gson.stream.JsonWriter
-><clinit>(09E0.java:1)
\u0002
--------------------
01:56:58.686 com.google.gson.stream.JsonWriter
-><clinit>(09E0.java:1)
\u0003
--------------------
01:56:58.686 com.google.gson.stream.JsonWriter
-><clinit>(09E0.java:1)
\u0004
--------------------
01:56:58.686 com.google.gson.stream.JsonWriter
-><clinit>(09E0.java:1)
\u0005
--------------------
01:56:58.686 com.google.gson.stream.JsonWriter
-><clinit>(09E0.java:1)
\u0006
--------------------
01:56:58.687 com.google.gson.stream.JsonWriter
-><clinit>(09E0.java:1)
\u0007
--------------------
01:56:58.687 com.google.gson.stream.JsonWriter
-><clinit>(09E0.java:1)
\u0008
--------------------
01:56:58.687 androidx.datastore.preferences.protobuf.i0$c
->a(011F.java:1)
fire-global
--------------------
01:56:58.687 androidx.datastore.preferences.protobuf.i0$c
->a(011F.java:1)
last-used-date
--------------------
01:56:58.687 com.google.gson.stream.JsonWriter
-><clinit>(09E0.java:1)
\u0009
--------------------
01:56:58.687 androidx.datastore.preferences.protobuf.h$c
->t(011D.java:2)
2026-05-19
--------------------
01:56:58.687 com.google.gson.stream.JsonWriter
-><clinit>(09E0.java:1)
\u000a
--------------------
01:56:58.687 androidx.datastore.preferences.protobuf.i0$c
->a(011F.java:1)
fire-count
--------------------
01:56:58.687 com.google.gson.stream.JsonWriter
-><clinit>(09E0.java:1)
\u000b
--------------------
01:56:58.687 com.google.gson.stream.JsonWriter
-><clinit>(09E0.java:1)
\u000c
--------------------
01:56:58.687 androidx.datastore.preferences.protobuf.i0$c
->a(011F.java:1)
fire-cls/19.0.3 kotlin/2.1.10 fire-installations/18.0.0 android-min-sdk/26 fire-core/22.0.0 device-brand/Redmi fire-analytics/21.1.1 fire-fcm/25.0.0 fire-android/36 fire-iid/21.1.0 fire-core-ktx/21.0.0 android-installer/com.miui.packageinstaller android-platform/ fire-sessions/2.0.3 android-target-sdk/35 fire-transport/19.0.0 device-name/onyx device-model/onyx
--------------------
01:56:58.687 com.google.gson.stream.JsonWriter
-><clinit>(09E0.java:1)
\u000d
--------------------
01:56:58.687 com.google.gson.stream.JsonWriter
-><clinit>(09E0.java:1)
\u000e
--------------------
01:56:58.688 androidx.datastore.preferences.protobuf.h$c
->t(011D.java:2)
2026-05-19
--------------------
01:56:58.688 com.google.gson.stream.JsonWriter
-><clinit>(09E0.java:1)
\u000f
--------------------
01:56:58.688 com.google.gson.stream.JsonWriter
-><clinit>(09E0.java:1)
\u0010
--------------------
01:56:58.688 com.google.gson.stream.JsonWriter
-><clinit>(09E0.java:1)
\u0011
--------------------
01:56:58.688 com.google.gson.stream.JsonWriter
-><clinit>(09E0.java:1)
\u0012
--------------------
01:56:58.688 com.google.gson.stream.JsonWriter
-><clinit>(09E0.java:1)
\u0013
--------------------
01:56:58.688 com.google.gson.stream.JsonWriter
-><clinit>(09E0.java:1)
\u0014
--------------------
01:56:58.688 com.google.gson.stream.JsonWriter
-><clinit>(09E0.java:1)
\u0015
--------------------
01:56:58.688 com.google.gson.stream.JsonWriter
-><clinit>(09E0.java:1)
\u0016
--------------------
01:56:58.688 com.google.gson.stream.JsonWriter
-><clinit>(09E0.java:1)
\u0017
--------------------
01:56:58.688 com.google.gson.stream.JsonWriter
-><clinit>(09E0.java:1)
\u0018
--------------------
01:56:58.688 com.google.gson.stream.JsonWriter
-><clinit>(09E0.java:1)
\u0019
--------------------
01:56:58.689 com.google.gson.stream.JsonWriter
-><clinit>(09E0.java:1)
\u001a
--------------------
01:56:58.689 com.google.gson.stream.JsonWriter
-><clinit>(09E0.java:1)
\u001b
--------------------
01:56:58.689 com.google.gson.stream.JsonWriter
-><clinit>(09E0.java:1)
\u001c
--------------------
01:56:58.689 com.google.gson.stream.JsonWriter
-><clinit>(09E0.java:1)
\u001d
--------------------
01:56:58.689 com.google.gson.stream.JsonWriter
-><clinit>(09E0.java:1)
\u001e
--------------------
01:56:58.689 okio._JvmPlatformKt
->toUtf8String(0D55.java:1)
/data/user/0/com.fort.vpn.privacy.secure/files/datastore
--------------------
01:56:58.689 com.google.gson.stream.JsonWriter
-><clinit>(09E0.java:1)
\u001f
--------------------
01:56:58.689 okio.ByteString
->utf8(0D44.java:10)
/data/user/0/com.fort.vpn.privacy.secure/files/datastore
--------------------
01:56:58.689 okio._JvmPlatformKt
->toUtf8String(0D55.java:1)
FirebaseHeartBeatW0RFRkFVTFRd+MToxMDM4MzE0NjU0NTA6YW5kcm9pZDplMjkyMzc0MjE3NDA5YWE3OGM5Njkz.preferences_pb
--------------------
01:56:58.689 okio.ByteString
->utf8(0D44.java:10)
FirebaseHeartBeatW0RFRkFVTFRd+MToxMDM4MzE0NjU0NTA6YW5kcm9pZDplMjkyMzc0MjE3NDA5YWE3OGM5Njkz.preferences_pb
--------------------
01:56:58.689 com.google.gson.internal.ConstructorConstructor
->get(09D8.java:6)
null
--------------------
01:56:58.689 okio._JvmPlatformKt
->toUtf8String(0D55.java:1)
/data/user/0/com.fort.vpn.privacy.secure/files/datastore/FirebaseHeartBeatW0RFRkFVTFRd+MToxMDM4MzE0NjU0NTA6YW5kcm9pZDplMjkyMzc0MjE3NDA5YWE3OGM5Njkz.preferences_pb.tmp
--------------------
01:56:58.689 com.transsion.sdk.oneid.f
->e(0C0A.java:6)
63
--------------------
01:56:58.690 com.transsion.sdk.oneid.f
->e(0C0A.java:6)
16
--------------------
01:56:58.690 okio.ByteString
->utf8(0D44.java:10)
/data/user/0/com.fort.vpn.privacy.secure/files/datastore/FirebaseHeartBeatW0RFRkFVTFRd+MToxMDM4MzE0NjU0NTA6YW5kcm9pZDplMjkyMzc0MjE3NDA5YWE3OGM5Njkz.preferences_pb.tmp
--------------------
01:56:58.690 com.transsion.sdk.oneid.f
->e(0C0A.java:6)
1e
--------------------
01:56:58.690 com.transsion.sdk.oneid.f
->e(0C0A.java:6)
6c
--------------------
01:56:58.690 com.transsion.sdk.oneid.f
->e(0C0A.java:6)
bb
--------------------
01:56:58.690 com.transsion.sdk.oneid.f
->e(0C0A.java:6)
c8
--------------------
01:56:58.690 com.transsion.sdk.oneid.f
->e(0C0A.java:6)
91
--------------------
01:56:58.690 com.transsion.sdk.oneid.f
->e(0C0A.java:6)
88
--------------------
01:56:58.690 com.transsion.sdk.oneid.f
->e(0C0A.java:6)
48
--------------------
01:56:58.690 com.transsion.sdk.oneid.f
->e(0C0A.java:6)
ca
--------------------
01:56:58.690 com.transsion.sdk.oneid.f
->e(0C0A.java:6)
0
--------------------
01:56:58.690 com.transsion.sdk.oneid.f
->e(0C0A.java:6)
7
--------------------
01:56:58.690 com.transsion.sdk.oneid.f
->e(0C0A.java:6)
89
--------------------
01:56:58.690 com.transsion.sdk.oneid.f
->e(0C0A.java:6)
fe
--------------------
01:56:58.690 com.transsion.sdk.oneid.f
->e(0C0A.java:6)
cc
--------------------
01:56:58.690 com.transsion.sdk.oneid.f
->e(0C0A.java:6)
99
--------------------
01:56:58.690 com.transsion.sdk.oneid.f
->e(0C0A.java:6)
4b
--------------------
01:56:58.690 com.transsion.sdk.oneid.f
->e(0C0A.java:6)
56
--------------------
01:56:58.691 com.transsion.sdk.oneid.f
->e(0C0A.java:6)
5b
--------------------
01:56:58.691 com.transsion.sdk.oneid.f
->e(0C0A.java:6)
fe
--------------------
01:56:58.691 com.transsion.sdk.oneid.f
->e(0C0A.java:6)
30
--------------------
01:56:58.691 com.transsion.sdk.oneid.f
->e(0C0A.java:6)
92
--------------------
01:56:58.691 com.transsion.sdk.oneid.f
->e(0C0A.java:6)
6d
--------------------
01:56:58.691 com.transsion.sdk.oneid.f
->e(0C0A.java:6)
c9
--------------------
01:56:58.691 com.transsion.sdk.oneid.f
->e(0C0A.java:6)
d2
--------------------
01:56:58.691 com.transsion.sdk.oneid.f
->e(0C0A.java:6)
f3
--------------------
01:56:58.691 com.transsion.sdk.oneid.f
->e(0C0A.java:6)
5e
--------------------
01:56:58.691 com.transsion.sdk.oneid.f
->e(0C0A.java:6)
b
--------------------
01:56:58.691 com.transsion.sdk.oneid.f
->e(0C0A.java:6)
a
--------------------
01:56:58.691 com.transsion.sdk.oneid.f
->e(0C0A.java:6)
59
--------------------
01:56:58.691 com.transsion.sdk.oneid.f
->e(0C0A.java:6)
f5
--------------------
01:56:58.691 com.transsion.sdk.oneid.f
->e(0C0A.java:6)
c4
--------------------
01:56:58.692 com.transsion.sdk.oneid.data.GroupHashInfo
-><init>(0C04.java:1)
63161e6cbbc8918848ca000789fecc994b565bfe30926dc9d2f35e0b0a59f5c4
--------------------
01:56:58.692 androidx.datastore.preferences.protobuf.i0$c
->a(011F.java:1)
fire-global
--------------------
01:56:58.692 androidx.datastore.preferences.protobuf.i0$c
->a(011F.java:1)
last-used-date
--------------------
01:56:58.692 com.google.gson.internal.ConstructorConstructor
->get(09D8.java:6)
null
--------------------
01:56:58.692 androidx.datastore.preferences.protobuf.h$c
->t(011D.java:2)
2026-05-19
--------------------
01:56:58.692 com.transsion.sdk.oneid.f
->e(0C0A.java:6)
fe
--------------------
01:56:58.692 androidx.datastore.preferences.protobuf.i0$c
->a(011F.java:1)
fire-count
--------------------
01:56:58.692 com.transsion.sdk.oneid.f
->e(0C0A.java:6)
eb
--------------------
01:56:58.692 com.transsion.sdk.oneid.f
->e(0C0A.java:6)
ce
--------------------
01:56:58.692 androidx.datastore.preferences.protobuf.i0$c
->a(011F.java:1)
fire-cls/19.0.3 kotlin/2.1.10 fire-installations/18.0.0 android-min-sdk/26 fire-core/22.0.0 device-brand/Redmi fire-analytics/21.1.1 fire-fcm/25.0.0 fire-android/36 fire-iid/21.1.0 fire-core-ktx/21.0.0 android-installer/com.miui.packageinstaller android-platform/ fire-sessions/2.0.3 android-target-sdk/35 fire-transport/19.0.0 device-name/onyx device-model/onyx
--------------------
01:56:58.692 com.transsion.sdk.oneid.f
->e(0C0A.java:6)
e
--------------------
01:56:58.692 com.transsion.sdk.oneid.f
->e(0C0A.java:6)
99
--------------------
01:56:58.692 com.transsion.sdk.oneid.f
->e(0C0A.java:6)
1c
--------------------
01:56:58.692 androidx.datastore.preferences.protobuf.h$c
->t(011D.java:2)
2026-05-19
--------------------
01:56:58.692 com.transsion.sdk.oneid.f
->e(0C0A.java:6)
8
--------------------
01:56:58.693 com.transsion.sdk.oneid.f
->e(0C0A.java:6)
f7
--------------------
01:56:58.693 com.transsion.sdk.oneid.f
->e(0C0A.java:6)
a9
--------------------
01:56:58.693 com.transsion.sdk.oneid.f
->e(0C0A.java:6)
58
--------------------
01:56:58.693 com.transsion.sdk.oneid.f
->e(0C0A.java:6)
89
--------------------
01:56:58.693 com.transsion.sdk.oneid.f
->e(0C0A.java:6)
83
--------------------
01:56:58.693 com.transsion.sdk.oneid.f
->e(0C0A.java:6)
1c
--------------------
01:56:58.693 com.transsion.sdk.oneid.f
->e(0C0A.java:6)
c5
--------------------
01:56:58.693 com.transsion.sdk.oneid.f
->e(0C0A.java:6)
c0
--------------------
01:56:58.693 com.transsion.sdk.oneid.f
->e(0C0A.java:6)
3e
--------------------
01:56:58.693 com.transsion.sdk.oneid.f
->e(0C0A.java:6)
2e
--------------------
01:56:58.693 com.transsion.sdk.oneid.f
->e(0C0A.java:6)
f0
--------------------
01:56:58.693 com.transsion.sdk.oneid.f
->e(0C0A.java:6)
ce
--------------------
01:56:58.693 com.transsion.sdk.oneid.f
->e(0C0A.java:6)
d3
--------------------
01:56:58.693 com.transsion.sdk.oneid.f
->e(0C0A.java:6)
d7
--------------------
01:56:58.693 com.transsion.sdk.oneid.f
->e(0C0A.java:6)
a
--------------------
01:56:58.693 com.transsion.sdk.oneid.f
->e(0C0A.java:6)
3d
--------------------
01:56:58.693 com.transsion.sdk.oneid.f
->e(0C0A.java:6)
5e
--------------------
01:56:58.693 com.transsion.sdk.oneid.f
->e(0C0A.java:6)
8
--------------------
01:56:58.693 com.transsion.sdk.oneid.f
->e(0C0A.java:6)
d0
--------------------
01:56:58.693 com.transsion.sdk.oneid.f
->e(0C0A.java:6)
ba
--------------------
01:56:58.693 com.transsion.sdk.oneid.f
->e(0C0A.java:6)
81
--------------------
01:56:58.693 com.transsion.sdk.oneid.f
->e(0C0A.java:6)
35
--------------------
01:56:58.693 com.transsion.sdk.oneid.f
->e(0C0A.java:6)
61
--------------------
01:56:58.693 com.transsion.sdk.oneid.f
->e(0C0A.java:6)
7c
--------------------
01:56:58.694 com.transsion.sdk.oneid.f
->e(0C0A.java:6)
ca
--------------------
01:56:58.694 com.transsion.sdk.oneid.data.GroupHashInfo
-><init>(0C04.java:2)
feebce0e991c08f7a95889831cc5c03e2ef0ced3d70a3d5e08d0ba8135617cca
--------------------
01:56:58.694 com.google.gson.internal.ConstructorConstructor
->get(09D8.java:6)
null
--------------------
01:56:58.694 com.transsion.sdk.oneid.f
->e(0C0A.java:6)
ec
--------------------
01:56:58.694 com.transsion.sdk.oneid.f
->e(0C0A.java:6)
7c
--------------------
01:56:58.694 com.transsion.sdk.oneid.f
->e(0C0A.java:6)
76
--------------------
01:56:58.694 com.transsion.sdk.oneid.f
->e(0C0A.java:6)
ec
--------------------
01:56:58.694 com.transsion.sdk.oneid.f
->e(0C0A.java:6)
78
--------------------
01:56:58.694 com.transsion.sdk.oneid.f
->e(0C0A.java:6)
7e
--------------------
01:56:58.694 com.transsion.sdk.oneid.f
->e(0C0A.java:6)
43
--------------------
01:56:58.694 com.transsion.sdk.oneid.f
->e(0C0A.java:6)
8e
--------------------
01:56:58.694 com.transsion.sdk.oneid.f
->e(0C0A.java:6)
c3
--------------------
01:56:58.694 com.transsion.sdk.oneid.f
->e(0C0A.java:6)
95
--------------------
01:56:58.694 com.transsion.sdk.oneid.f
->e(0C0A.java:6)
73
--------------------
01:56:58.694 com.transsion.sdk.oneid.f
->e(0C0A.java:6)
33
--------------------
01:56:58.694 com.transsion.sdk.oneid.f
->e(0C0A.java:6)
a9
--------------------
01:56:58.694 com.transsion.sdk.oneid.f
->e(0C0A.java:6)
93
--------------------
01:56:58.694 com.transsion.sdk.oneid.f
->e(0C0A.java:6)
69
--------------------
01:56:58.694 com.transsion.sdk.oneid.f
->e(0C0A.java:6)
52
--------------------
01:56:58.695 com.transsion.sdk.oneid.f
->e(0C0A.java:6)
c6
--------------------
01:56:58.695 com.transsion.sdk.oneid.f
->e(0C0A.java:6)
43
--------------------
01:56:58.695 com.transsion.sdk.oneid.f
->e(0C0A.java:6)
bc
--------------------
01:56:58.695 com.transsion.sdk.oneid.f
->e(0C0A.java:6)
93
--------------------
01:56:58.695 com.transsion.sdk.oneid.f
->e(0C0A.java:6)
7a
--------------------
01:56:58.695 com.transsion.sdk.oneid.f
->e(0C0A.java:6)
52
--------------------
01:56:58.695 com.transsion.sdk.oneid.f
->e(0C0A.java:6)
f7
--------------------
01:56:58.695 com.transsion.sdk.oneid.f
->e(0C0A.java:6)
6f
--------------------
01:56:58.695 com.transsion.sdk.oneid.f
->e(0C0A.java:6)
cd
--------------------
01:56:58.695 com.transsion.sdk.oneid.f
->e(0C0A.java:6)
b1
--------------------
01:56:58.695 com.transsion.sdk.oneid.f
->e(0C0A.java:6)
fe
--------------------
01:56:58.695 com.transsion.sdk.oneid.f
->e(0C0A.java:6)
7d
--------------------
01:56:58.695 com.transsion.sdk.oneid.f
->e(0C0A.java:6)
e7
--------------------
01:56:58.695 com.transsion.sdk.oneid.f
->e(0C0A.java:6)
9
--------------------
01:56:58.695 com.transsion.sdk.oneid.f
->e(0C0A.java:6)
59
--------------------
01:56:58.695 com.transsion.sdk.oneid.f
->e(0C0A.java:6)
5b
--------------------
01:56:58.695 com.transsion.sdk.oneid.data.GroupHashInfo
-><init>(0C04.java:3)
ec7c76ec787e438ec3957333a9936952c643bc937a52f76fcdb1fe7de709595b
--------------------
01:56:58.696 com.google.gson.internal.ConstructorConstructor
->get(09D8.java:6)
null
--------------------
01:56:58.696 com.transsion.sdk.oneid.f
->e(0C0A.java:6)
3b
--------------------
01:56:58.696 com.transsion.sdk.oneid.f
->e(0C0A.java:6)
a6
--------------------
01:56:58.696 com.transsion.sdk.oneid.f
->e(0C0A.java:6)
7
--------------------
01:56:58.696 com.transsion.sdk.oneid.f
->e(0C0A.java:6)
fd
--------------------
01:56:58.696 com.transsion.sdk.oneid.f
->e(0C0A.java:6)
29
--------------------
01:56:58.696 com.transsion.sdk.oneid.f
->e(0C0A.java:6)
9a
--------------------
01:56:58.696 com.transsion.sdk.oneid.f
->e(0C0A.java:6)
63
--------------------
01:56:58.696 com.transsion.sdk.oneid.f
->e(0C0A.java:6)
1d
--------------------
01:56:58.696 com.transsion.sdk.oneid.f
->e(0C0A.java:6)
7d
--------------------
01:56:58.696 androidx.datastore.preferences.protobuf.i0$c
->a(011F.java:1)
fire-global
--------------------
01:56:58.696 com.transsion.sdk.oneid.f
->e(0C0A.java:6)
ff
--------------------
01:56:58.696 androidx.datastore.preferences.protobuf.i0$c
->a(011F.java:1)
last-used-date
--------------------
01:56:58.696 com.transsion.sdk.oneid.f
->e(0C0A.java:6)
27
--------------------
01:56:58.696 androidx.datastore.preferences.protobuf.h$c
->t(011D.java:2)
2026-05-19
--------------------
01:56:58.697 com.transsion.sdk.oneid.f
->e(0C0A.java:6)
8f
--------------------
01:56:58.697 com.transsion.sdk.oneid.f
->e(0C0A.java:6)
85
--------------------
01:56:58.697 com.transsion.sdk.oneid.f
->e(0C0A.java:6)
f7
--------------------
01:56:58.697 androidx.datastore.preferences.protobuf.i0$c
->a(011F.java:1)
fire-count
--------------------
01:56:58.697 com.transsion.sdk.oneid.f
->e(0C0A.java:6)
b4
--------------------
01:56:58.697 androidx.datastore.preferences.protobuf.i0$c
->a(011F.java:1)
fire-cls/19.0.3 kotlin/2.1.10 fire-installations/18.0.0 android-min-sdk/26 fire-core/22.0.0 device-brand/Redmi fire-analytics/21.1.1 fire-fcm/25.0.0 fire-android/36 fire-iid/21.1.0 fire-core-ktx/21.0.0 android-installer/com.miui.packageinstaller android-platform/ fire-sessions/2.0.3 android-target-sdk/35 fire-transport/19.0.0 device-name/onyx device-model/onyx
--------------------
01:56:58.697 com.transsion.sdk.oneid.f
->e(0C0A.java:6)
40
--------------------
01:56:58.697 com.transsion.sdk.oneid.f
->e(0C0A.java:6)
ea
--------------------
01:56:58.697 androidx.datastore.preferences.protobuf.h$c
->t(011D.java:2)
2026-05-19
--------------------
01:56:58.697 com.transsion.sdk.oneid.f
->e(0C0A.java:6)
f7
--------------------
01:56:58.697 com.transsion.sdk.oneid.f
->e(0C0A.java:6)
3a
--------------------
01:56:58.697 com.transsion.sdk.oneid.f
->e(0C0A.java:6)
9e
--------------------
01:56:58.697 com.transsion.sdk.oneid.f
->e(0C0A.java:6)
77
--------------------
01:56:58.697 com.transsion.sdk.oneid.f
->e(0C0A.java:6)
a9
--------------------
01:56:58.697 com.transsion.sdk.oneid.f
->e(0C0A.java:6)
71
--------------------
01:56:58.697 com.transsion.sdk.oneid.f
->e(0C0A.java:6)
d6
--------------------
01:56:58.697 com.transsion.sdk.oneid.f
->e(0C0A.java:6)
49
--------------------
01:56:58.697 com.transsion.sdk.oneid.f
->e(0C0A.java:6)
d1
--------------------
01:56:58.697 com.transsion.sdk.oneid.f
->e(0C0A.java:6)
6f
--------------------
01:56:58.697 com.transsion.sdk.oneid.f
->e(0C0A.java:6)
4e
--------------------
01:56:58.697 com.transsion.sdk.oneid.f
->e(0C0A.java:6)
d2
--------------------
01:56:58.697 com.transsion.sdk.oneid.f
->e(0C0A.java:6)
4e
--------------------
01:56:58.698 com.transsion.sdk.oneid.f
->e(0C0A.java:6)
c0
--------------------
01:56:58.698 com.transsion.sdk.oneid.f
->e(0C0A.java:6)
7f
--------------------
01:56:58.698 com.transsion.sdk.oneid.data.GroupHashInfo
-><init>(0C04.java:4)
3ba607fd299a631d7dff278f85f7b440eaf73a9e77a971d649d16f4ed24ec07f
--------------------
01:56:58.698 okio._JvmPlatformKt
->toUtf8String(0D55.java:1)
/data/user/0/com.fort.vpn.privacy.secure/files/datastore
--------------------
01:56:58.698 com.google.gson.internal.ConstructorConstructor
->get(09D8.java:6)
null
--------------------
01:56:58.698 okio.ByteString
->utf8(0D44.java:10)
/data/user/0/com.fort.vpn.privacy.secure/files/datastore
--------------------
01:56:58.698 okio._JvmPlatformKt
->toUtf8String(0D55.java:1)
FirebaseHeartBeatW0RFRkFVTFRd+MToxMDM4MzE0NjU0NTA6YW5kcm9pZDplMjkyMzc0MjE3NDA5YWE3OGM5Njkz.preferences_pb
--------------------
01:56:58.698 okio.ByteString
->utf8(0D44.java:10)
FirebaseHeartBeatW0RFRkFVTFRd+MToxMDM4MzE0NjU0NTA6YW5kcm9pZDplMjkyMzc0MjE3NDA5YWE3OGM5Njkz.preferences_pb
--------------------
01:56:58.698 com.transsion.sdk.oneid.f
->e(0C0A.java:6)
cd
--------------------
01:56:58.698 com.transsion.sdk.oneid.f
->e(0C0A.java:6)
f3
--------------------
01:56:58.698 com.transsion.sdk.oneid.f
->e(0C0A.java:6)
4d
--------------------
01:56:58.698 com.transsion.sdk.oneid.f
->e(0C0A.java:6)
c
--------------------
01:56:58.698 com.transsion.sdk.oneid.f
->e(0C0A.java:6)
39
--------------------
01:56:58.698 okio._JvmPlatformKt
->toUtf8String(0D55.java:1)
/data/user/0/com.fort.vpn.privacy.secure/files/datastore/FirebaseHeartBeatW0RFRkFVTFRd+MToxMDM4MzE0NjU0NTA6YW5kcm9pZDplMjkyMzc0MjE3NDA5YWE3OGM5Njkz.preferences_pb.tmp
--------------------
01:56:58.699 okio.ByteString
->utf8(0D44.java:10)
/data/user/0/com.fort.vpn.privacy.secure/files/datastore/FirebaseHeartBeatW0RFRkFVTFRd+MToxMDM4MzE0NjU0NTA6YW5kcm9pZDplMjkyMzc0MjE3NDA5YWE3OGM5Njkz.preferences_pb.tmp
--------------------
01:56:58.699 com.transsion.sdk.oneid.f
->e(0C0A.java:6)
d4
--------------------
01:56:58.699 com.transsion.sdk.oneid.f
->e(0C0A.java:6)
5a
--------------------
01:56:58.699 com.transsion.sdk.oneid.f
->e(0C0A.java:6)
34
--------------------
01:56:58.699 com.transsion.sdk.oneid.f
->e(0C0A.java:6)
b0
--------------------
01:56:58.699 com.transsion.sdk.oneid.f
->e(0C0A.java:6)
3e
--------------------
01:56:58.699 com.transsion.sdk.oneid.f
->e(0C0A.java:6)
a1
--------------------
01:56:58.699 com.transsion.sdk.oneid.f
->e(0C0A.java:6)
e
--------------------
01:56:58.699 com.transsion.sdk.oneid.f
->e(0C0A.java:6)
b7
--------------------
01:56:58.699 com.transsion.sdk.oneid.f
->e(0C0A.java:6)
c5
--------------------
01:56:58.699 com.transsion.sdk.oneid.f
->e(0C0A.java:6)
42
--------------------
01:56:58.699 com.transsion.sdk.oneid.f
->e(0C0A.java:6)
d4
--------------------
01:56:58.699 com.transsion.sdk.oneid.f
->e(0C0A.java:6)
43
--------------------
01:56:58.699 com.transsion.sdk.oneid.f
->e(0C0A.java:6)
a7
--------------------
01:56:58.699 com.transsion.sdk.oneid.f
->e(0C0A.java:6)
72
--------------------
01:56:58.699 com.transsion.sdk.oneid.f
->e(0C0A.java:6)
d1
--------------------
01:56:58.700 com.transsion.sdk.oneid.f
->e(0C0A.java:6)
3a
--------------------
01:56:58.700 com.transsion.sdk.oneid.f
->e(0C0A.java:6)
23
--------------------
01:56:58.700 com.transsion.sdk.oneid.f
->e(0C0A.java:6)
9
--------------------
01:56:58.700 com.transsion.sdk.oneid.f
->e(0C0A.java:6)
92
--------------------
01:56:58.700 com.transsion.sdk.oneid.f
->e(0C0A.java:6)
62
--------------------
01:56:58.700 com.transsion.sdk.oneid.f
->e(0C0A.java:6)
2d
--------------------
01:56:58.700 com.transsion.sdk.oneid.f
->e(0C0A.java:6)
5b
--------------------
01:56:58.700 com.transsion.sdk.oneid.f
->e(0C0A.java:6)
ff
--------------------
01:56:58.700 com.transsion.sdk.oneid.f
->e(0C0A.java:6)
3a
--------------------
01:56:58.700 com.transsion.sdk.oneid.f
->e(0C0A.java:6)
34
--------------------
01:56:58.700 com.transsion.sdk.oneid.f
->e(0C0A.java:6)
43
--------------------
01:56:58.700 com.transsion.sdk.oneid.f
->e(0C0A.java:6)
47
--------------------
01:56:58.700 com.transsion.sdk.oneid.data.GroupHashInfo
-><init>(0C04.java:5)
cdf34d0c39d45a34b03ea10eb7c542d443a772d13a230992622d5bff3a344347
--------------------
01:56:58.700 com.google.gson.internal.ConstructorConstructor
->get(09D8.java:6)
null
--------------------
01:56:58.700 com.transsion.sdk.oneid.f
->e(0C0A.java:6)
85
--------------------
01:56:58.700 com.transsion.sdk.oneid.f
->e(0C0A.java:6)
45
--------------------
01:56:58.700 com.transsion.sdk.oneid.f
->e(0C0A.java:6)
ce
--------------------
01:56:58.700 com.transsion.sdk.oneid.f
->e(0C0A.java:6)
a4
--------------------
01:56:58.700 androidx.datastore.preferences.protobuf.i0$c
->a(011F.java:1)
fire-global
--------------------
01:56:58.700 com.transsion.sdk.oneid.f
->e(0C0A.java:6)
b6
--------------------
01:56:58.700 androidx.datastore.preferences.protobuf.i0$c
->a(011F.java:1)
last-used-date
--------------------
01:56:58.700 com.transsion.sdk.oneid.f
->e(0C0A.java:6)
3e
--------------------
01:56:58.700 com.transsion.sdk.oneid.f
->e(0C0A.java:6)
b8
--------------------
01:56:58.700 androidx.datastore.preferences.protobuf.h$c
->t(011D.java:2)
2026-05-19
--------------------
01:56:58.701 androidx.datastore.preferences.protobuf.i0$c
->a(011F.java:1)
fire-count
--------------------
01:56:58.701 com.transsion.sdk.oneid.f
->e(0C0A.java:6)
e2
--------------------
01:56:58.701 com.transsion.sdk.oneid.f
->e(0C0A.java:6)
ea
--------------------
01:56:58.701 com.transsion.sdk.oneid.f
->e(0C0A.java:6)
13
--------------------
01:56:58.701 com.transsion.sdk.oneid.f
->e(0C0A.java:6)
6f
--------------------
01:56:58.701 androidx.datastore.preferences.protobuf.i0$c
->a(011F.java:1)
fire-cls/19.0.3 kotlin/2.1.10 fire-installations/18.0.0 android-min-sdk/26 fire-core/22.0.0 device-brand/Redmi fire-analytics/21.1.1 fire-fcm/25.0.0 fire-android/36 fire-iid/21.1.0 fire-core-ktx/21.0.0 android-installer/com.miui.packageinstaller android-platform/ fire-sessions/2.0.3 android-target-sdk/35 fire-transport/19.0.0 device-name/onyx device-model/onyx
--------------------
01:56:58.701 com.transsion.sdk.oneid.f
->e(0C0A.java:6)
c3
--------------------
01:56:58.701 com.transsion.sdk.oneid.f
->e(0C0A.java:6)
59
--------------------
01:56:58.701 com.transsion.sdk.oneid.f
->e(0C0A.java:6)
83
--------------------
01:56:58.701 androidx.datastore.preferences.protobuf.h$c
->t(011D.java:2)
2026-05-19
--------------------
01:56:58.701 com.transsion.sdk.oneid.f
->e(0C0A.java:6)
1f
--------------------
01:56:58.701 com.transsion.sdk.oneid.f
->e(0C0A.java:6)
8
--------------------
01:56:58.701 com.transsion.sdk.oneid.f
->e(0C0A.java:6)
3c
--------------------
01:56:58.701 com.transsion.sdk.oneid.f
->e(0C0A.java:6)
b0
--------------------
01:56:58.701 com.transsion.sdk.oneid.f
->e(0C0A.java:6)
94
--------------------
01:56:58.701 com.transsion.sdk.oneid.f
->e(0C0A.java:6)
9f
--------------------
01:56:58.701 com.transsion.sdk.oneid.f
->e(0C0A.java:6)
39
--------------------
01:56:58.701 com.transsion.sdk.oneid.f
->e(0C0A.java:6)
e5
--------------------
01:56:58.701 com.transsion.sdk.oneid.f
->e(0C0A.java:6)
21
--------------------
01:56:58.702 com.transsion.sdk.oneid.f
->e(0C0A.java:6)
20
--------------------
01:56:58.702 com.transsion.sdk.oneid.f
->e(0C0A.java:6)
54
--------------------
01:56:58.702 com.transsion.sdk.oneid.f
->e(0C0A.java:6)
77
--------------------
01:56:58.702 com.transsion.sdk.oneid.f
->e(0C0A.java:6)
af
--------------------
01:56:58.702 com.transsion.sdk.oneid.f
->e(0C0A.java:6)
76
--------------------
01:56:58.702 com.transsion.sdk.oneid.f
->e(0C0A.java:6)
8c
--------------------
01:56:58.702 com.transsion.sdk.oneid.f
->e(0C0A.java:6)
e3
--------------------
01:56:58.702 com.transsion.sdk.oneid.f
->e(0C0A.java:6)
c9
--------------------
01:56:58.702 com.transsion.sdk.oneid.f
->e(0C0A.java:6)
51
--------------------
01:56:58.702 com.transsion.sdk.oneid.data.GroupHashInfo
-><init>(0C04.java:6)
8545cea4b63eb8e2ea136fc359831f083cb0949f39e521205477af768ce3c951
--------------------
01:56:58.702 com.google.gson.internal.ConstructorConstructor
->get(09D8.java:6)
null
--------------------
01:56:58.703 com.transsion.sdk.oneid.f
->e(0C0A.java:6)
25
--------------------
01:56:58.703 com.transsion.sdk.oneid.f
->e(0C0A.java:6)
3c
--------------------
01:56:58.703 com.transsion.sdk.oneid.f
->e(0C0A.java:6)
2a
--------------------
01:56:58.703 com.transsion.sdk.oneid.f
->e(0C0A.java:6)
53
--------------------
01:56:58.703 com.transsion.sdk.oneid.f
->e(0C0A.java:6)
f
--------------------
01:56:58.703 com.transsion.sdk.oneid.f
->e(0C0A.java:6)
8e
--------------------
01:56:58.703 com.transsion.sdk.oneid.f
->e(0C0A.java:6)
19
--------------------
01:56:58.703 com.transsion.sdk.oneid.f
->e(0C0A.java:6)
ca
--------------------
01:56:58.703 com.transsion.sdk.oneid.f
->e(0C0A.java:6)
4e
--------------------
01:56:58.703 com.transsion.sdk.oneid.f
->e(0C0A.java:6)
a4
--------------------
01:56:58.703 com.transsion.sdk.oneid.f
->e(0C0A.java:6)
ae
--------------------
01:56:58.703 com.transsion.sdk.oneid.f
->e(0C0A.java:6)
b1
--------------------
01:56:58.703 com.transsion.sdk.oneid.f
->e(0C0A.java:6)
fa
--------------------
01:56:58.704 com.transsion.sdk.oneid.f
->e(0C0A.java:6)
54
--------------------
01:56:58.704 com.transsion.sdk.oneid.f
->e(0C0A.java:6)
8a
--------------------
01:56:58.704 com.transsion.sdk.oneid.f
->e(0C0A.java:6)
c7
--------------------
01:56:58.704 com.transsion.sdk.oneid.f
->e(0C0A.java:6)
24
--------------------
01:56:58.704 com.transsion.sdk.oneid.f
->e(0C0A.java:6)
d8
--------------------
01:56:58.704 com.transsion.sdk.oneid.f
->e(0C0A.java:6)
60
--------------------
01:56:58.704 com.transsion.sdk.oneid.f
->e(0C0A.java:6)
3a
--------------------
01:56:58.704 com.transsion.sdk.oneid.f
->e(0C0A.java:6)
55
--------------------
01:56:58.704 com.transsion.sdk.oneid.f
->e(0C0A.java:6)
ec
--------------------
01:56:58.704 com.transsion.sdk.oneid.f
->e(0C0A.java:6)
87
--------------------
01:56:58.704 com.transsion.sdk.oneid.f
->e(0C0A.java:6)
e0
--------------------
01:56:58.704 com.transsion.sdk.oneid.f
->e(0C0A.java:6)
64
--------------------
01:56:58.704 com.transsion.sdk.oneid.f
->e(0C0A.java:6)
26
--------------------
01:56:58.704 com.transsion.sdk.oneid.f
->e(0C0A.java:6)
a7
--------------------
01:56:58.705 com.transsion.sdk.oneid.f
->e(0C0A.java:6)
74
--------------------
01:56:58.705 com.transsion.sdk.oneid.f
->e(0C0A.java:6)
a7
--------------------
01:56:58.705 com.transsion.sdk.oneid.f
->e(0C0A.java:6)
88
--------------------
01:56:58.705 com.transsion.sdk.oneid.f
->e(0C0A.java:6)
e8
--------------------
01:56:58.705 com.transsion.sdk.oneid.f
->e(0C0A.java:6)
da
--------------------
01:56:58.705 com.transsion.sdk.oneid.data.GroupHashInfo
-><init>(0C04.java:7)
253c2a530f8e19ca4ea4aeb1fa548ac724d8603a55ec87e06426a774a788e8da
--------------------
01:56:58.705 com.google.gson.internal.ConstructorConstructor
->get(09D8.java:6)
null
--------------------
01:56:58.705 com.google.gson.stream.JsonWriter
->value(09E0.java:4)
0
--------------------
01:56:58.707 com.google.gson.reflect.TypeToken
->isCapturingTypeVariablesForbidden(09EA.java:2)
null
--------------------
01:56:58.707 com.google.gson.internal.ConstructorConstructor
->newDefaultConstructor(09D8.java:4)
null
--------------------
01:56:58.708 com.google.gson.internal.ConstructorConstructor
->newDefaultConstructor(09D8.java:4)
null
--------------------
01:56:58.708 com.google.gson.stream.JsonReader
->nextQuotedValue(09DF.java:2)
1041
--------------------
01:56:58.708 androidx.datastore.preferences.protobuf.i0$c
->a(011F.java:1)
fire-global
--------------------
01:56:58.708 androidx.datastore.preferences.protobuf.i0$c
->a(011F.java:1)
last-used-date
--------------------
01:56:58.708 androidx.datastore.preferences.protobuf.h$c
->t(011D.java:2)
2026-05-19
--------------------
01:56:58.709 androidx.datastore.preferences.protobuf.i0$c
->a(011F.java:1)
fire-count
--------------------
01:56:58.709 androidx.datastore.preferences.protobuf.i0$c
->a(011F.java:1)
fire-cls/19.0.3 kotlin/2.1.10 fire-installations/18.0.0 android-min-sdk/26 fire-core/22.0.0 device-brand/Redmi fire-analytics/21.1.1 fire-fcm/25.0.0 fire-android/36 fire-iid/21.1.0 fire-core-ktx/21.0.0 android-installer/com.miui.packageinstaller android-platform/ fire-sessions/2.0.3 android-target-sdk/35 fire-transport/19.0.0 device-name/onyx device-model/onyx
--------------------
01:56:58.709 androidx.datastore.preferences.protobuf.h$c
->t(011D.java:2)
2026-05-19
--------------------
01:56:58.709 com.google.gson.stream.JsonReader
->nextQuotedValue(09DF.java:2)
lastRequestTime
--------------------
01:56:58.709 com.google.gson.stream.JsonReader
->nextQuotedValue(09DF.java:2)
msg
--------------------
01:56:58.709 com.google.gson.stream.JsonReader
->nextQuotedValue(09DF.java:2)
AppID is not allowed
--------------------
01:56:58.710 com.google.gson.stream.JsonReader
->nextQuotedValue(09DF.java:2)
odid
--------------------
01:56:58.710 com.google.gson.stream.JsonReader
->nextQuotedValue(09DF.java:2)

--------------------
01:56:58.710 com.google.gson.stream.JsonReader
->nextQuotedValue(09DF.java:2)
retryRequestDelay
--------------------
01:56:58.710 com.google.gson.stream.JsonReader
->nextQuotedValue(09DF.java:2)
retryTimes
--------------------
01:56:58.710 com.google.gson.stream.JsonReader
->nextQuotedValue(09DF.java:2)
waitTime
--------------------
01:56:58.710 com.google.gson.stream.JsonReader
->nextQuotedValue(09DF.java:2)
3018
--------------------
01:56:58.710 com.google.gson.stream.JsonReader
->nextQuotedValue(09DF.java:2)
lastRequestTime
--------------------
01:56:58.710 com.google.gson.stream.JsonReader
->nextQuotedValue(09DF.java:2)
msg
--------------------
01:56:58.710 com.google.gson.stream.JsonReader
->nextQuotedValue(09DF.java:2)
AppID is not allowed
--------------------
01:56:58.710 com.google.gson.stream.JsonReader
->nextQuotedValue(09DF.java:2)
odid
--------------------
01:56:58.710 com.google.gson.stream.JsonReader
->nextQuotedValue(09DF.java:2)

--------------------
01:56:58.711 com.google.gson.stream.JsonReader
->nextQuotedValue(09DF.java:2)
retryRequestDelay
--------------------
01:56:58.711 com.google.gson.stream.JsonReader
->nextQuotedValue(09DF.java:2)
retryTimes
--------------------
01:56:58.711 com.google.gson.stream.JsonReader
->nextQuotedValue(09DF.java:2)
waitTime
--------------------
01:56:58.711 com.google.gson.stream.JsonReader
->nextQuotedValue(09DF.java:2)
4987
--------------------
01:56:58.711 com.google.gson.stream.JsonReader
->nextQuotedValue(09DF.java:2)
lastRequestTime
--------------------
01:56:58.711 com.google.gson.stream.JsonReader
->nextQuotedValue(09DF.java:2)
msg
--------------------
01:56:58.711 okio._JvmPlatformKt
->toUtf8String(0D55.java:1)
/data/user/0/com.fort.vpn.privacy.secure/files/datastore
--------------------
01:56:58.711 com.google.gson.stream.JsonReader
->nextQuotedValue(09DF.java:2)
AppID is not allowed
--------------------
01:56:58.711 com.google.gson.stream.JsonReader
->nextQuotedValue(09DF.java:2)
odid
--------------------
01:56:58.711 com.google.gson.stream.JsonReader
->nextQuotedValue(09DF.java:2)

--------------------
01:56:58.711 com.google.gson.stream.JsonReader
->nextQuotedValue(09DF.java:2)
retryRequestDelay
--------------------
01:56:58.711 com.google.gson.stream.JsonReader
->nextQuotedValue(09DF.java:2)
retryTimes
--------------------
01:56:58.711 com.google.gson.stream.JsonReader
->nextQuotedValue(09DF.java:2)
waitTime
--------------------
01:56:58.711 j7.b
->a(0C2E.java:1)
ire-oneid.shalltry.com
--------------------
01:56:58.711 j7.b
->d(0C2E.java:3)
https://ire-oneid.shalltry.com
--------------------
01:56:58.711 okio.ByteString
->utf8(0D44.java:10)
/data/user/0/com.fort.vpn.privacy.secure/files/datastore
--------------------
01:56:58.712 okio._JvmPlatformKt
->toUtf8String(0D55.java:1)
FirebaseHeartBeatW0RFRkFVTFRd+MToxMDM4MzE0NjU0NTA6YW5kcm9pZDplMjkyMzc0MjE3NDA5YWE3OGM5Njkz.preferences_pb
--------------------
01:56:58.712 okio.ByteString
->utf8(0D44.java:10)
FirebaseHeartBeatW0RFRkFVTFRd+MToxMDM4MzE0NjU0NTA6YW5kcm9pZDplMjkyMzc0MjE3NDA5YWE3OGM5Njkz.preferences_pb
--------------------
01:56:58.713 okio._JvmPlatformKt
->toUtf8String(0D55.java:1)
/data/user/0/com.fort.vpn.privacy.secure/files/datastore/FirebaseHeartBeatW0RFRkFVTFRd+MToxMDM4MzE0NjU0NTA6YW5kcm9pZDplMjkyMzc0MjE3NDA5YWE3OGM5Njkz.preferences_pb.tmp
--------------------
01:56:58.713 okio.ByteString
->utf8(0D44.java:10)
/data/user/0/com.fort.vpn.privacy.secure/files/datastore/FirebaseHeartBeatW0RFRkFVTFRd+MToxMDM4MzE0NjU0NTA6YW5kcm9pZDplMjkyMzc0MjE3NDA5YWE3OGM5Njkz.preferences_pb.tmp
--------------------
01:56:58.714 j7.b
->a(0C2E.java:1)
ire-oneid.shalltry.com
--------------------
01:56:58.714 j7.b
->d(0C2E.java:3)
https://ire-oneid.shalltry.com
--------------------
01:56:58.715 j7.b
->a(0C2E.java:1)
ire-oneid.shalltry.com
--------------------
01:56:58.715 j7.b
->d(0C2E.java:3)
https://ire-oneid.shalltry.com
--------------------
01:56:58.716 androidx.datastore.preferences.protobuf.i0$c
->a(011F.java:1)
fire-global
--------------------
01:56:58.717 androidx.datastore.preferences.protobuf.i0$c
->a(011F.java:1)
last-used-date
--------------------
01:56:58.717 androidx.datastore.preferences.protobuf.h$c
->t(011D.java:2)
2026-05-19
--------------------
01:56:58.717 androidx.datastore.preferences.protobuf.i0$c
->a(011F.java:1)
fire-count
--------------------
01:56:58.717 androidx.datastore.preferences.protobuf.i0$c
->a(011F.java:1)
fire-cls/19.0.3 kotlin/2.1.10 fire-installations/18.0.0 android-min-sdk/26 fire-core/22.0.0 device-brand/Redmi fire-analytics/21.1.1 fire-fcm/25.0.0 fire-android/36 fire-iid/21.1.0 fire-core-ktx/21.0.0 android-installer/com.miui.packageinstaller android-platform/ fire-sessions/2.0.3 android-target-sdk/35 fire-transport/19.0.0 device-name/onyx device-model/onyx
--------------------
01:56:58.717 androidx.datastore.preferences.protobuf.h$c
->t(011D.java:2)
2026-05-19
--------------------
01:56:58.751 com.google.firebase.iid.SyncTask
->run(09B9.java:3)
FIS_AUTH_ERROR
--------------------
01:56:59.273 okhttp3.internal.platform.android.Android10SocketAdapter
->getSelectedProtocol(0D30.java:1)
h2
--------------------
01:56:59.273 okhttp3.Protocol$Companion
->get(0D03.java:1)
http/1.0
--------------------
01:56:59.273 okhttp3.Protocol$Companion
->get(0D03.java:2)
http/1.1
--------------------
01:56:59.273 okhttp3.Protocol$Companion
->get(0D03.java:3)
h2_prior_knowledge
--------------------
01:56:59.273 okhttp3.Protocol$Companion
->get(0D03.java:4)
h2
--------------------
01:56:59.273 okhttp3.internal.concurrent.TaskRunner
->newQueue(0D11.java:1)
Q10001
--------------------
01:56:59.274 okhttp3.internal.concurrent.TaskRunner
->newQueue(0D11.java:1)
Q10002
--------------------
01:56:59.274 okhttp3.internal.concurrent.TaskRunner
->newQueue(0D11.java:1)
Q10003
--------------------
01:56:59.274 okhttp3.internal.http2.Http2
-><clinit>(0D21.java:1)
0
--------------------
01:56:59.274 okhttp3.internal.Util
->format(0D08.java:5)
       0
--------------------
01:56:59.274 okhttp3.internal.http2.Http2
-><clinit>(0D21.java:2)
       0
--------------------
01:56:59.274 kotlin.text.StringsKt__StringsJVMKt
->replace$default(0CA5.java:22)
00000000
--------------------
01:56:59.274 kotlin.text.StringsKt
->J(0CA8.java:8)
00000000
--------------------
01:56:59.274 okhttp3.internal.http2.Http2
-><clinit>(0D21.java:3)
00000000
--------------------
01:56:59.274 okhttp3.internal.http2.Http2
-><clinit>(0D21.java:1)
1
--------------------
01:56:59.274 okhttp3.internal.Util
->format(0D08.java:5)
       1
--------------------
01:56:59.274 okhttp3.internal.http2.Http2
-><clinit>(0D21.java:2)
       1
--------------------
01:56:59.274 kotlin.text.StringsKt__StringsJVMKt
->replace$default(0CA5.java:22)
00000001
--------------------
01:56:59.274 kotlin.text.StringsKt
->J(0CA8.java:8)
00000001
--------------------
01:56:59.274 okhttp3.internal.http2.Http2
-><clinit>(0D21.java:3)
00000001
--------------------
01:56:59.274 okhttp3.internal.http2.Http2
-><clinit>(0D21.java:1)
10
--------------------
01:56:59.274 okhttp3.internal.Util
->format(0D08.java:5)
      10
--------------------
01:56:59.274 okhttp3.internal.http2.Http2
-><clinit>(0D21.java:2)
      10
--------------------
01:56:59.274 kotlin.text.StringsKt__StringsJVMKt
->replace$default(0CA5.java:22)
00000010
--------------------
01:56:59.274 kotlin.text.StringsKt
->J(0CA8.java:8)
00000010
--------------------
01:56:59.274 okhttp3.internal.http2.Http2
-><clinit>(0D21.java:3)
00000010
--------------------
01:56:59.274 okhttp3.internal.http2.Http2
-><clinit>(0D21.java:1)
11
--------------------
01:56:59.274 okhttp3.internal.Util
->format(0D08.java:5)
      11
--------------------
01:56:59.274 okhttp3.internal.http2.Http2
-><clinit>(0D21.java:2)
      11
--------------------
01:56:59.274 kotlin.text.StringsKt__StringsJVMKt
->replace$default(0CA5.java:22)
00000011
--------------------
01:56:59.274 kotlin.text.StringsKt
->J(0CA8.java:8)
00000011
--------------------
01:56:59.274 okhttp3.internal.http2.Http2
-><clinit>(0D21.java:3)
00000011
--------------------
01:56:59.274 okhttp3.internal.http2.Http2
-><clinit>(0D21.java:1)
100
--------------------
01:56:59.274 okhttp3.internal.Util
->format(0D08.java:5)
     100
--------------------
01:56:59.274 okhttp3.internal.http2.Http2
-><clinit>(0D21.java:2)
     100
--------------------
01:56:59.274 kotlin.text.StringsKt__StringsJVMKt
->replace$default(0CA5.java:22)
00000100
--------------------
01:56:59.274 kotlin.text.StringsKt
->J(0CA8.java:8)
00000100
--------------------
01:56:59.274 okhttp3.internal.http2.Http2
-><clinit>(0D21.java:3)
00000100
--------------------
01:56:59.274 okhttp3.internal.http2.Http2
-><clinit>(0D21.java:1)
101
--------------------
01:56:59.274 okhttp3.internal.Util
->format(0D08.java:5)
     101
--------------------
01:56:59.274 okhttp3.internal.http2.Http2
-><clinit>(0D21.java:2)
     101
--------------------
01:56:59.274 kotlin.text.StringsKt__StringsJVMKt
->replace$default(0CA5.java:22)
00000101
--------------------
01:56:59.274 kotlin.text.StringsKt
->J(0CA8.java:8)
00000101
--------------------
01:56:59.274 okhttp3.internal.http2.Http2
-><clinit>(0D21.java:3)
00000101
--------------------
01:56:59.274 okhttp3.internal.http2.Http2
-><clinit>(0D21.java:1)
110
--------------------
01:56:59.274 okhttp3.internal.Util
->format(0D08.java:5)
     110
--------------------
01:56:59.275 okhttp3.internal.http2.Http2
-><clinit>(0D21.java:2)
     110
--------------------
01:56:59.275 kotlin.text.StringsKt__StringsJVMKt
->replace$default(0CA5.java:22)
00000110
--------------------
01:56:59.275 kotlin.text.StringsKt
->J(0CA8.java:8)
00000110
--------------------
01:56:59.275 okhttp3.internal.http2.Http2
-><clinit>(0D21.java:3)
00000110
--------------------
01:56:59.275 okhttp3.internal.http2.Http2
-><clinit>(0D21.java:1)
111
--------------------
01:56:59.275 okhttp3.internal.Util
->format(0D08.java:5)
     111
--------------------
01:56:59.275 okhttp3.internal.http2.Http2
-><clinit>(0D21.java:2)
     111
--------------------
01:56:59.275 kotlin.text.StringsKt__StringsJVMKt
->replace$default(0CA5.java:22)
00000111
--------------------
01:56:59.275 kotlin.text.StringsKt
->J(0CA8.java:8)
00000111
--------------------
01:56:59.275 okhttp3.internal.http2.Http2
-><clinit>(0D21.java:3)
00000111
--------------------
01:56:59.275 okhttp3.internal.http2.Http2
-><clinit>(0D21.java:1)
1000
--------------------
01:56:59.275 okhttp3.internal.Util
->format(0D08.java:5)
    1000
--------------------
01:56:59.275 okhttp3.internal.http2.Http2
-><clinit>(0D21.java:2)
    1000
--------------------
01:56:59.275 kotlin.text.StringsKt__StringsJVMKt
->replace$default(0CA5.java:22)
00001000
--------------------
01:56:59.275 kotlin.text.StringsKt
->J(0CA8.java:8)
00001000
--------------------
01:56:59.275 okhttp3.internal.http2.Http2
-><clinit>(0D21.java:3)
00001000
--------------------
01:56:59.275 okhttp3.internal.http2.Http2
-><clinit>(0D21.java:1)
1001
--------------------
01:56:59.275 okhttp3.internal.Util
->format(0D08.java:5)
    1001
--------------------
01:56:59.275 okhttp3.internal.http2.Http2
-><clinit>(0D21.java:2)
    1001
--------------------
01:56:59.275 kotlin.text.StringsKt__StringsJVMKt
->replace$default(0CA5.java:22)
00001001
--------------------
01:56:59.275 kotlin.text.StringsKt
->J(0CA8.java:8)
00001001
--------------------
01:56:59.275 okhttp3.internal.http2.Http2
-><clinit>(0D21.java:3)
00001001
--------------------
01:56:59.275 okhttp3.internal.http2.Http2
-><clinit>(0D21.java:1)
1010
--------------------
01:56:59.275 okhttp3.internal.Util
->format(0D08.java:5)
    1010
--------------------
01:56:59.275 okhttp3.internal.http2.Http2
-><clinit>(0D21.java:2)
    1010
--------------------
01:56:59.275 kotlin.text.StringsKt__StringsJVMKt
->replace$default(0CA5.java:22)
00001010
--------------------
01:56:59.275 kotlin.text.StringsKt
->J(0CA8.java:8)
00001010
--------------------
01:56:59.275 okhttp3.internal.http2.Http2
-><clinit>(0D21.java:3)
00001010
--------------------
01:56:59.275 okhttp3.internal.http2.Http2
-><clinit>(0D21.java:1)
1011
--------------------
01:56:59.275 okhttp3.internal.Util
->format(0D08.java:5)
    1011
--------------------
01:56:59.275 okhttp3.internal.http2.Http2
-><clinit>(0D21.java:2)
    1011
--------------------
01:56:59.275 kotlin.text.StringsKt__StringsJVMKt
->replace$default(0CA5.java:22)
00001011
--------------------
01:56:59.275 kotlin.text.StringsKt
->J(0CA8.java:8)
00001011
--------------------
01:56:59.275 okhttp3.internal.http2.Http2
-><clinit>(0D21.java:3)
00001011
--------------------
01:56:59.275 okhttp3.internal.http2.Http2
-><clinit>(0D21.java:1)
1100
--------------------
01:56:59.275 okhttp3.internal.Util
->format(0D08.java:5)
    1100
--------------------
01:56:59.275 okhttp3.internal.http2.Http2
-><clinit>(0D21.java:2)
    1100
--------------------
01:56:59.275 kotlin.text.StringsKt__StringsJVMKt
->replace$default(0CA5.java:22)
00001100
--------------------
01:56:59.275 kotlin.text.StringsKt
->J(0CA8.java:8)
00001100
--------------------
01:56:59.275 okhttp3.internal.http2.Http2
-><clinit>(0D21.java:3)
00001100
--------------------
01:56:59.275 okhttp3.internal.http2.Http2
-><clinit>(0D21.java:1)
1101
--------------------
01:56:59.275 okhttp3.internal.Util
->format(0D08.java:5)
    1101
--------------------
01:56:59.275 okhttp3.internal.http2.Http2
-><clinit>(0D21.java:2)
    1101
--------------------
01:56:59.275 kotlin.text.StringsKt__StringsJVMKt
->replace$default(0CA5.java:22)
00001101
--------------------
01:56:59.275 kotlin.text.StringsKt
->J(0CA8.java:8)
00001101
--------------------
01:56:59.275 okhttp3.internal.http2.Http2
-><clinit>(0D21.java:3)
00001101
--------------------
01:56:59.275 okhttp3.internal.http2.Http2
-><clinit>(0D21.java:1)
1110
--------------------
01:56:59.275 okhttp3.internal.Util
->format(0D08.java:5)
    1110
--------------------
01:56:59.275 okhttp3.internal.http2.Http2
-><clinit>(0D21.java:2)
    1110
--------------------
01:56:59.275 kotlin.text.StringsKt__StringsJVMKt
->replace$default(0CA5.java:22)
00001110
--------------------
01:56:59.275 kotlin.text.StringsKt
->J(0CA8.java:8)
00001110
--------------------
01:56:59.276 okhttp3.internal.http2.Http2
-><clinit>(0D21.java:3)
00001110
--------------------
01:56:59.276 okhttp3.internal.http2.Http2
-><clinit>(0D21.java:1)
1111
--------------------
01:56:59.276 okhttp3.internal.Util
->format(0D08.java:5)
    1111
--------------------
01:56:59.276 okhttp3.internal.http2.Http2
-><clinit>(0D21.java:2)
    1111
--------------------
01:56:59.276 kotlin.text.StringsKt__StringsJVMKt
->replace$default(0CA5.java:22)
00001111
--------------------
01:56:59.276 kotlin.text.StringsKt
->J(0CA8.java:8)
00001111
--------------------
01:56:59.276 okhttp3.internal.http2.Http2
-><clinit>(0D21.java:3)
00001111
--------------------
01:56:59.276 okhttp3.internal.http2.Http2
-><clinit>(0D21.java:1)
10000
--------------------
01:56:59.276 okhttp3.internal.Util
->format(0D08.java:5)
   10000
--------------------
01:56:59.276 okhttp3.internal.http2.Http2
-><clinit>(0D21.java:2)
   10000
--------------------
01:56:59.276 kotlin.text.StringsKt__StringsJVMKt
->replace$default(0CA5.java:22)
00010000
--------------------
01:56:59.276 kotlin.text.StringsKt
->J(0CA8.java:8)
00010000
--------------------
01:56:59.276 okhttp3.internal.http2.Http2
-><clinit>(0D21.java:3)
00010000
--------------------
01:56:59.276 okhttp3.internal.http2.Http2
-><clinit>(0D21.java:1)
10001
--------------------
01:56:59.276 okhttp3.internal.Util
->format(0D08.java:5)
   10001
--------------------
01:56:59.276 okhttp3.internal.http2.Http2
-><clinit>(0D21.java:2)
   10001
--------------------
01:56:59.276 kotlin.text.StringsKt__StringsJVMKt
->replace$default(0CA5.java:22)
00010001
--------------------
01:56:59.276 kotlin.text.StringsKt
->J(0CA8.java:8)
00010001
--------------------
01:56:59.276 okhttp3.internal.http2.Http2
-><clinit>(0D21.java:3)
00010001
--------------------
01:56:59.276 okhttp3.internal.http2.Http2
-><clinit>(0D21.java:1)
10010
--------------------
01:56:59.276 okhttp3.internal.Util
->format(0D08.java:5)
   10010
--------------------
01:56:59.276 okhttp3.internal.http2.Http2
-><clinit>(0D21.java:2)
   10010
--------------------
01:56:59.276 kotlin.text.StringsKt__StringsJVMKt
->replace$default(0CA5.java:22)
00010010
--------------------
01:56:59.276 kotlin.text.StringsKt
->J(0CA8.java:8)
00010010
--------------------
01:56:59.276 okhttp3.internal.http2.Http2
-><clinit>(0D21.java:3)
00010010
--------------------
01:56:59.276 okhttp3.internal.http2.Http2
-><clinit>(0D21.java:1)
10011
--------------------
01:56:59.276 okhttp3.internal.Util
->format(0D08.java:5)
   10011
--------------------
01:56:59.276 okhttp3.internal.http2.Http2
-><clinit>(0D21.java:2)
   10011
--------------------
01:56:59.276 kotlin.text.StringsKt__StringsJVMKt
->replace$default(0CA5.java:22)
00010011
--------------------
01:56:59.276 kotlin.text.StringsKt
->J(0CA8.java:8)
00010011
--------------------
01:56:59.276 okhttp3.internal.http2.Http2
-><clinit>(0D21.java:3)
00010011
--------------------
01:56:59.276 okhttp3.internal.http2.Http2
-><clinit>(0D21.java:1)
10100
--------------------
01:56:59.276 okhttp3.internal.Util
->format(0D08.java:5)
   10100
--------------------
01:56:59.276 okhttp3.internal.http2.Http2
-><clinit>(0D21.java:2)
   10100
--------------------
01:56:59.276 kotlin.text.StringsKt__StringsJVMKt
->replace$default(0CA5.java:22)
00010100
--------------------
01:56:59.276 kotlin.text.StringsKt
->J(0CA8.java:8)
00010100
--------------------
01:56:59.276 okhttp3.internal.http2.Http2
-><clinit>(0D21.java:3)
00010100
--------------------
01:56:59.276 okhttp3.internal.http2.Http2
-><clinit>(0D21.java:1)
10101
--------------------
01:56:59.276 okhttp3.internal.Util
->format(0D08.java:5)
   10101
--------------------
01:56:59.276 okhttp3.internal.http2.Http2
-><clinit>(0D21.java:2)
   10101
--------------------
01:56:59.276 kotlin.text.StringsKt__StringsJVMKt
->replace$default(0CA5.java:22)
00010101
--------------------
01:56:59.276 kotlin.text.StringsKt
->J(0CA8.java:8)
00010101
--------------------
01:56:59.276 okhttp3.internal.http2.Http2
-><clinit>(0D21.java:3)
00010101
--------------------
01:56:59.276 okhttp3.internal.http2.Http2
-><clinit>(0D21.java:1)
10110
--------------------
01:56:59.276 okhttp3.internal.Util
->format(0D08.java:5)
   10110
--------------------
01:56:59.276 okhttp3.internal.http2.Http2
-><clinit>(0D21.java:2)
   10110
--------------------
01:56:59.276 kotlin.text.StringsKt__StringsJVMKt
->replace$default(0CA5.java:22)
00010110
--------------------
01:56:59.276 kotlin.text.StringsKt
->J(0CA8.java:8)
00010110
--------------------
01:56:59.276 okhttp3.internal.http2.Http2
-><clinit>(0D21.java:3)
00010110
--------------------
01:56:59.276 okhttp3.internal.http2.Http2
-><clinit>(0D21.java:1)
10111
--------------------
01:56:59.276 okhttp3.internal.Util
->format(0D08.java:5)
   10111
--------------------
01:56:59.276 okhttp3.internal.http2.Http2
-><clinit>(0D21.java:2)
   10111
--------------------
01:56:59.277 kotlin.text.StringsKt__StringsJVMKt
->replace$default(0CA5.java:22)
00010111
--------------------
01:56:59.277 kotlin.text.StringsKt
->J(0CA8.java:8)
00010111
--------------------
01:56:59.277 okhttp3.internal.http2.Http2
-><clinit>(0D21.java:3)
00010111
--------------------
01:56:59.277 okhttp3.internal.http2.Http2
-><clinit>(0D21.java:1)
11000
--------------------
01:56:59.277 okhttp3.internal.Util
->format(0D08.java:5)
   11000
--------------------
01:56:59.277 okhttp3.internal.http2.Http2
-><clinit>(0D21.java:2)
   11000
--------------------
01:56:59.277 kotlin.text.StringsKt__StringsJVMKt
->replace$default(0CA5.java:22)
00011000
--------------------
01:56:59.277 kotlin.text.StringsKt
->J(0CA8.java:8)
00011000
--------------------
01:56:59.277 okhttp3.internal.http2.Http2
-><clinit>(0D21.java:3)
00011000
--------------------
01:56:59.277 okhttp3.internal.http2.Http2
-><clinit>(0D21.java:1)
11001
--------------------
01:56:59.277 okhttp3.internal.Util
->format(0D08.java:5)
   11001
--------------------
01:56:59.277 okhttp3.internal.http2.Http2
-><clinit>(0D21.java:2)
   11001
--------------------
01:56:59.277 kotlin.text.StringsKt__StringsJVMKt
->replace$default(0CA5.java:22)
00011001
--------------------
01:56:59.277 kotlin.text.StringsKt
->J(0CA8.java:8)
00011001
--------------------
01:56:59.277 okhttp3.internal.http2.Http2
-><clinit>(0D21.java:3)
00011001
--------------------
01:56:59.277 okhttp3.internal.http2.Http2
-><clinit>(0D21.java:1)
11010
--------------------
01:56:59.277 okhttp3.internal.Util
->format(0D08.java:5)
   11010
--------------------
01:56:59.277 okhttp3.internal.http2.Http2
-><clinit>(0D21.java:2)
   11010
--------------------
01:56:59.277 kotlin.text.StringsKt__StringsJVMKt
->replace$default(0CA5.java:22)
00011010
--------------------
01:56:59.277 kotlin.text.StringsKt
->J(0CA8.java:8)
00011010
--------------------
01:56:59.277 okhttp3.internal.http2.Http2
-><clinit>(0D21.java:3)
00011010
--------------------
01:56:59.277 okhttp3.internal.http2.Http2
-><clinit>(0D21.java:1)
11011
--------------------
01:56:59.277 okhttp3.internal.Util
->format(0D08.java:5)
   11011
--------------------
01:56:59.277 okhttp3.internal.http2.Http2
-><clinit>(0D21.java:2)
   11011
--------------------
01:56:59.277 kotlin.text.StringsKt__StringsJVMKt
->replace$default(0CA5.java:22)
00011011
--------------------
01:56:59.277 kotlin.text.StringsKt
->J(0CA8.java:8)
00011011
--------------------
01:56:59.277 okhttp3.internal.http2.Http2
-><clinit>(0D21.java:3)
00011011
--------------------
01:56:59.277 okhttp3.internal.http2.Http2
-><clinit>(0D21.java:1)
11100
--------------------
01:56:59.277 okhttp3.internal.Util
->format(0D08.java:5)
   11100
--------------------
01:56:59.277 okhttp3.internal.http2.Http2
-><clinit>(0D21.java:2)
   11100
--------------------
01:56:59.277 kotlin.text.StringsKt__StringsJVMKt
->replace$default(0CA5.java:22)
00011100
--------------------
01:56:59.277 kotlin.text.StringsKt
->J(0CA8.java:8)
00011100
--------------------
01:56:59.277 okhttp3.internal.http2.Http2
-><clinit>(0D21.java:3)
00011100
--------------------
01:56:59.277 okhttp3.internal.http2.Http2
-><clinit>(0D21.java:1)
11101
--------------------
01:56:59.277 okhttp3.internal.Util
->format(0D08.java:5)
   11101
--------------------
01:56:59.277 okhttp3.internal.http2.Http2
-><clinit>(0D21.java:2)
   11101
--------------------
01:56:59.277 kotlin.text.StringsKt__StringsJVMKt
->replace$default(0CA5.java:22)
00011101
--------------------
01:56:59.277 kotlin.text.StringsKt
->J(0CA8.java:8)
00011101
--------------------
01:56:59.277 okhttp3.internal.http2.Http2
-><clinit>(0D21.java:3)
00011101
--------------------
01:56:59.277 okhttp3.internal.http2.Http2
-><clinit>(0D21.java:1)
11110
--------------------
01:56:59.277 okhttp3.internal.Util
->format(0D08.java:5)
   11110
--------------------
01:56:59.277 okhttp3.internal.http2.Http2
-><clinit>(0D21.java:2)
   11110
--------------------
01:56:59.277 kotlin.text.StringsKt__StringsJVMKt
->replace$default(0CA5.java:22)
00011110
--------------------
01:56:59.277 kotlin.text.StringsKt
->J(0CA8.java:8)
00011110
--------------------
01:56:59.277 okhttp3.internal.http2.Http2
-><clinit>(0D21.java:3)
00011110
--------------------
01:56:59.277 okhttp3.internal.http2.Http2
-><clinit>(0D21.java:1)
11111
--------------------
01:56:59.277 okhttp3.internal.Util
->format(0D08.java:5)
   11111
--------------------
01:56:59.277 okhttp3.internal.http2.Http2
-><clinit>(0D21.java:2)
   11111
--------------------
01:56:59.277 kotlin.text.StringsKt__StringsJVMKt
->replace$default(0CA5.java:22)
00011111
--------------------
01:56:59.277 kotlin.text.StringsKt
->J(0CA8.java:8)
00011111
--------------------
01:56:59.277 okhttp3.internal.http2.Http2
-><clinit>(0D21.java:3)
00011111
--------------------
01:56:59.277 okhttp3.internal.http2.Http2
-><clinit>(0D21.java:1)
100000
--------------------
01:56:59.278 okhttp3.internal.Util
->format(0D08.java:5)
  100000
--------------------
01:56:59.278 okhttp3.internal.http2.Http2
-><clinit>(0D21.java:2)
  100000
--------------------
01:56:59.278 kotlin.text.StringsKt__StringsJVMKt
->replace$default(0CA5.java:22)
00100000
--------------------
01:56:59.278 kotlin.text.StringsKt
->J(0CA8.java:8)
00100000
--------------------
01:56:59.278 okhttp3.internal.http2.Http2
-><clinit>(0D21.java:3)
00100000
--------------------
01:56:59.278 okhttp3.internal.http2.Http2
-><clinit>(0D21.java:1)
100001
--------------------
01:56:59.278 okhttp3.internal.Util
->format(0D08.java:5)
  100001
--------------------
01:56:59.278 okhttp3.internal.http2.Http2
-><clinit>(0D21.java:2)
  100001
--------------------
01:56:59.278 kotlin.text.StringsKt__StringsJVMKt
->replace$default(0CA5.java:22)
00100001
--------------------
01:56:59.278 kotlin.text.StringsKt
->J(0CA8.java:8)
00100001
--------------------
01:56:59.278 okhttp3.internal.http2.Http2
-><clinit>(0D21.java:3)
00100001
--------------------
01:56:59.278 okhttp3.internal.http2.Http2
-><clinit>(0D21.java:1)
100010
--------------------
01:56:59.278 okhttp3.internal.Util
->format(0D08.java:5)
  100010
--------------------
01:56:59.278 okhttp3.internal.http2.Http2
-><clinit>(0D21.java:2)
  100010
--------------------
01:56:59.278 kotlin.text.StringsKt__StringsJVMKt
->replace$default(0CA5.java:22)
00100010
--------------------
01:56:59.278 kotlin.text.StringsKt
->J(0CA8.java:8)
00100010
--------------------
01:56:59.278 okhttp3.internal.http2.Http2
-><clinit>(0D21.java:3)
00100010
--------------------
01:56:59.278 okhttp3.internal.http2.Http2
-><clinit>(0D21.java:1)
100011
--------------------
01:56:59.278 okhttp3.internal.Util
->format(0D08.java:5)
  100011
--------------------
01:56:59.278 okhttp3.internal.http2.Http2
-><clinit>(0D21.java:2)
  100011
--------------------
01:56:59.278 kotlin.text.StringsKt__StringsJVMKt
->replace$default(0CA5.java:22)
00100011
--------------------
01:56:59.278 kotlin.text.StringsKt
->J(0CA8.java:8)
00100011
--------------------
01:56:59.278 okhttp3.internal.http2.Http2
-><clinit>(0D21.java:3)
00100011
--------------------
01:56:59.278 okhttp3.internal.http2.Http2
-><clinit>(0D21.java:1)
100100
--------------------
01:56:59.278 okhttp3.internal.Util
->format(0D08.java:5)
  100100
--------------------
01:56:59.278 okhttp3.internal.http2.Http2
-><clinit>(0D21.java:2)
  100100
--------------------
01:56:59.278 kotlin.text.StringsKt__StringsJVMKt
->replace$default(0CA5.java:22)
00100100
--------------------
01:56:59.278 kotlin.text.StringsKt
->J(0CA8.java:8)
00100100
--------------------
01:56:59.278 okhttp3.internal.http2.Http2
-><clinit>(0D21.java:3)
00100100
--------------------
01:56:59.278 okhttp3.internal.http2.Http2
-><clinit>(0D21.java:1)
100101
--------------------
01:56:59.278 okhttp3.internal.Util
->format(0D08.java:5)
  100101
--------------------
01:56:59.278 okhttp3.internal.http2.Http2
-><clinit>(0D21.java:2)
  100101
--------------------
01:56:59.278 kotlin.text.StringsKt__StringsJVMKt
->replace$default(0CA5.java:22)
00100101
--------------------
01:56:59.278 kotlin.text.StringsKt
->J(0CA8.java:8)
00100101
--------------------
01:56:59.278 okhttp3.internal.http2.Http2
-><clinit>(0D21.java:3)
00100101
--------------------
01:56:59.278 okhttp3.internal.http2.Http2
-><clinit>(0D21.java:1)
100110
--------------------
01:56:59.278 okhttp3.internal.Util
->format(0D08.java:5)
  100110
--------------------
01:56:59.278 okhttp3.internal.http2.Http2
-><clinit>(0D21.java:2)
  100110
--------------------
01:56:59.278 kotlin.text.StringsKt__StringsJVMKt
->replace$default(0CA5.java:22)
00100110
--------------------
01:56:59.278 kotlin.text.StringsKt
->J(0CA8.java:8)
00100110
--------------------
01:56:59.278 okhttp3.internal.http2.Http2
-><clinit>(0D21.java:3)
00100110
--------------------
01:56:59.278 okhttp3.internal.http2.Http2
-><clinit>(0D21.java:1)
100111
--------------------
01:56:59.278 okhttp3.internal.Util
->format(0D08.java:5)
  100111
--------------------
01:56:59.278 okhttp3.internal.http2.Http2
-><clinit>(0D21.java:2)
  100111
--------------------
01:56:59.278 kotlin.text.StringsKt__StringsJVMKt
->replace$default(0CA5.java:22)
00100111
--------------------
01:56:59.278 kotlin.text.StringsKt
->J(0CA8.java:8)
00100111
--------------------
01:56:59.278 okhttp3.internal.http2.Http2
-><clinit>(0D21.java:3)
00100111
--------------------
01:56:59.278 okhttp3.internal.http2.Http2
-><clinit>(0D21.java:1)
101000
--------------------
01:56:59.279 okhttp3.internal.Util
->format(0D08.java:5)
  101000
--------------------
01:56:59.279 okhttp3.internal.http2.Http2
-><clinit>(0D21.java:2)
  101000
--------------------
01:56:59.279 kotlin.text.StringsKt__StringsJVMKt
->replace$default(0CA5.java:22)
00101000
--------------------
01:56:59.279 kotlin.text.StringsKt
->J(0CA8.java:8)
00101000
--------------------
01:56:59.279 okhttp3.internal.http2.Http2
-><clinit>(0D21.java:3)
00101000
--------------------
01:56:59.279 okhttp3.internal.http2.Http2
-><clinit>(0D21.java:1)
101001
--------------------
01:56:59.279 okhttp3.internal.Util
->format(0D08.java:5)
  101001
--------------------
01:56:59.279 okhttp3.internal.http2.Http2
-><clinit>(0D21.java:2)
  101001
--------------------
01:56:59.279 kotlin.text.StringsKt__StringsJVMKt
->replace$default(0CA5.java:22)
00101001
--------------------
01:56:59.279 kotlin.text.StringsKt
->J(0CA8.java:8)
00101001
--------------------
01:56:59.279 okhttp3.internal.http2.Http2
-><clinit>(0D21.java:3)
00101001
--------------------
01:56:59.279 okhttp3.internal.http2.Http2
-><clinit>(0D21.java:1)
101010
--------------------
01:56:59.279 okhttp3.internal.Util
->format(0D08.java:5)
  101010
--------------------
01:56:59.279 okhttp3.internal.http2.Http2
-><clinit>(0D21.java:2)
  101010
--------------------
01:56:59.279 kotlin.text.StringsKt__StringsJVMKt
->replace$default(0CA5.java:22)
00101010
--------------------
01:56:59.279 kotlin.text.StringsKt
->J(0CA8.java:8)
00101010
--------------------
01:56:59.279 okhttp3.internal.http2.Http2
-><clinit>(0D21.java:3)
00101010
--------------------
01:56:59.279 okhttp3.internal.http2.Http2
-><clinit>(0D21.java:1)
101011
--------------------
01:56:59.279 okhttp3.internal.Util
->format(0D08.java:5)
  101011
--------------------
01:56:59.279 okhttp3.internal.http2.Http2
-><clinit>(0D21.java:2)
  101011
--------------------
01:56:59.279 kotlin.text.StringsKt__StringsJVMKt
->replace$default(0CA5.java:22)
00101011
--------------------
01:56:59.279 kotlin.text.StringsKt
->J(0CA8.java:8)
00101011
--------------------
01:56:59.279 okhttp3.internal.http2.Http2
-><clinit>(0D21.java:3)
00101011
--------------------
01:56:59.279 okhttp3.internal.http2.Http2
-><clinit>(0D21.java:1)
101100
--------------------
01:56:59.279 okhttp3.internal.Util
->format(0D08.java:5)
  101100
--------------------
01:56:59.279 okhttp3.internal.http2.Http2
-><clinit>(0D21.java:2)
  101100
--------------------
01:56:59.279 kotlin.text.StringsKt__StringsJVMKt
->replace$default(0CA5.java:22)
00101100
--------------------
01:56:59.279 kotlin.text.StringsKt
->J(0CA8.java:8)
00101100
--------------------
01:56:59.279 okhttp3.internal.http2.Http2
-><clinit>(0D21.java:3)
00101100
--------------------
01:56:59.279 okhttp3.internal.http2.Http2
-><clinit>(0D21.java:1)
101101
--------------------
01:56:59.279 okhttp3.internal.Util
->format(0D08.java:5)
  101101
--------------------
01:56:59.279 okhttp3.internal.http2.Http2
-><clinit>(0D21.java:2)
  101101
--------------------
01:56:59.279 kotlin.text.StringsKt__StringsJVMKt
->replace$default(0CA5.java:22)
00101101
--------------------
01:56:59.279 kotlin.text.StringsKt
->J(0CA8.java:8)
00101101
--------------------
01:56:59.279 okhttp3.internal.http2.Http2
-><clinit>(0D21.java:3)
00101101
--------------------
01:56:59.279 okhttp3.internal.http2.Http2
-><clinit>(0D21.java:1)
101110
--------------------
01:56:59.279 okhttp3.internal.Util
->format(0D08.java:5)
  101110
--------------------
01:56:59.279 okhttp3.internal.http2.Http2
-><clinit>(0D21.java:2)
  101110
--------------------
01:56:59.279 kotlin.text.StringsKt__StringsJVMKt
->replace$default(0CA5.java:22)
00101110
--------------------
01:56:59.279 kotlin.text.StringsKt
->J(0CA8.java:8)
00101110
--------------------
01:56:59.279 okhttp3.internal.http2.Http2
-><clinit>(0D21.java:3)
00101110
--------------------
01:56:59.279 okhttp3.internal.http2.Http2
-><clinit>(0D21.java:1)
101111
--------------------
01:56:59.279 okhttp3.internal.Util
->format(0D08.java:5)
  101111
--------------------
01:56:59.279 okhttp3.internal.http2.Http2
-><clinit>(0D21.java:2)
  101111
--------------------
01:56:59.279 kotlin.text.StringsKt__StringsJVMKt
->replace$default(0CA5.java:22)
00101111
--------------------
01:56:59.279 kotlin.text.StringsKt
->J(0CA8.java:8)
00101111
--------------------
01:56:59.279 okhttp3.internal.http2.Http2
-><clinit>(0D21.java:3)
00101111
--------------------
01:56:59.279 okhttp3.internal.http2.Http2
-><clinit>(0D21.java:1)
110000
--------------------
01:56:59.279 okhttp3.internal.Util
->format(0D08.java:5)
  110000
--------------------
01:56:59.279 okhttp3.internal.http2.Http2
-><clinit>(0D21.java:2)
  110000
--------------------
01:56:59.279 kotlin.text.StringsKt__StringsJVMKt
->replace$default(0CA5.java:22)
00110000
--------------------
01:56:59.279 kotlin.text.StringsKt
->J(0CA8.java:8)
00110000
--------------------
01:56:59.279 okhttp3.internal.http2.Http2
-><clinit>(0D21.java:3)
00110000
--------------------
01:56:59.279 okhttp3.internal.http2.Http2
-><clinit>(0D21.java:1)
110001
--------------------
01:56:59.280 okhttp3.internal.Util
->format(0D08.java:5)
  110001
--------------------
01:56:59.280 okhttp3.internal.http2.Http2
-><clinit>(0D21.java:2)
  110001
--------------------
01:56:59.280 kotlin.text.StringsKt__StringsJVMKt
->replace$default(0CA5.java:22)
00110001
--------------------
01:56:59.280 kotlin.text.StringsKt
->J(0CA8.java:8)
00110001
--------------------
01:56:59.280 okhttp3.internal.http2.Http2
-><clinit>(0D21.java:3)
00110001
--------------------
01:56:59.280 okhttp3.internal.http2.Http2
-><clinit>(0D21.java:1)
110010
--------------------
01:56:59.280 okhttp3.internal.Util
->format(0D08.java:5)
  110010
--------------------
01:56:59.280 okhttp3.internal.http2.Http2
-><clinit>(0D21.java:2)
  110010
--------------------
01:56:59.280 kotlin.text.StringsKt__StringsJVMKt
->replace$default(0CA5.java:22)
00110010
--------------------
01:56:59.280 kotlin.text.StringsKt
->J(0CA8.java:8)
00110010
--------------------
01:56:59.280 okhttp3.internal.http2.Http2
-><clinit>(0D21.java:3)
00110010
--------------------
01:56:59.280 okhttp3.internal.http2.Http2
-><clinit>(0D21.java:1)
110011
--------------------
01:56:59.280 okhttp3.internal.Util
->format(0D08.java:5)
  110011
--------------------
01:56:59.280 okhttp3.internal.http2.Http2
-><clinit>(0D21.java:2)
  110011
--------------------
01:56:59.280 kotlin.text.StringsKt__StringsJVMKt
->replace$default(0CA5.java:22)
00110011
--------------------
01:56:59.280 kotlin.text.StringsKt
->J(0CA8.java:8)
00110011
--------------------
01:56:59.280 okhttp3.internal.http2.Http2
-><clinit>(0D21.java:3)
00110011
--------------------
01:56:59.280 okhttp3.internal.http2.Http2
-><clinit>(0D21.java:1)
110100
--------------------
01:56:59.280 okhttp3.internal.Util
->format(0D08.java:5)
  110100
--------------------
01:56:59.280 okhttp3.internal.http2.Http2
-><clinit>(0D21.java:2)
  110100
--------------------
01:56:59.280 kotlin.text.StringsKt__StringsJVMKt
->replace$default(0CA5.java:22)
00110100
--------------------
01:56:59.280 kotlin.text.StringsKt
->J(0CA8.java:8)
00110100
--------------------
01:56:59.280 okhttp3.internal.http2.Http2
-><clinit>(0D21.java:3)
00110100
--------------------
01:56:59.280 okhttp3.internal.http2.Http2
-><clinit>(0D21.java:1)
110101
--------------------
01:56:59.280 okhttp3.internal.Util
->format(0D08.java:5)
  110101
--------------------
01:56:59.280 okhttp3.internal.http2.Http2
-><clinit>(0D21.java:2)
  110101
--------------------
01:56:59.280 kotlin.text.StringsKt__StringsJVMKt
->replace$default(0CA5.java:22)
00110101
--------------------
01:56:59.280 kotlin.text.StringsKt
->J(0CA8.java:8)
00110101
--------------------
01:56:59.280 okhttp3.internal.http2.Http2
-><clinit>(0D21.java:3)
00110101
--------------------
01:56:59.280 okhttp3.internal.http2.Http2
-><clinit>(0D21.java:1)
110110
--------------------
01:56:59.280 okhttp3.internal.Util
->format(0D08.java:5)
  110110
--------------------
01:56:59.280 okhttp3.internal.http2.Http2
-><clinit>(0D21.java:2)
  110110
--------------------
01:56:59.280 kotlin.text.StringsKt__StringsJVMKt
->replace$default(0CA5.java:22)
00110110
--------------------
01:56:59.280 kotlin.text.StringsKt
->J(0CA8.java:8)
00110110
--------------------
01:56:59.280 okhttp3.internal.http2.Http2
-><clinit>(0D21.java:3)
00110110
--------------------
01:56:59.280 okhttp3.internal.http2.Http2
-><clinit>(0D21.java:1)
110111
--------------------
01:56:59.280 okhttp3.internal.Util
->format(0D08.java:5)
  110111
--------------------
01:56:59.280 okhttp3.internal.http2.Http2
-><clinit>(0D21.java:2)
  110111
--------------------
01:56:59.280 kotlin.text.StringsKt__StringsJVMKt
->replace$default(0CA5.java:22)
00110111
--------------------
01:56:59.280 kotlin.text.StringsKt
->J(0CA8.java:8)
00110111
--------------------
01:56:59.280 okhttp3.internal.http2.Http2
-><clinit>(0D21.java:3)
00110111
--------------------
01:56:59.280 okhttp3.internal.http2.Http2
-><clinit>(0D21.java:1)
111000
--------------------
01:56:59.280 okhttp3.internal.Util
->format(0D08.java:5)
  111000
--------------------
01:56:59.280 okhttp3.internal.http2.Http2
-><clinit>(0D21.java:2)
  111000
--------------------
01:56:59.280 kotlin.text.StringsKt__StringsJVMKt
->replace$default(0CA5.java:22)
00111000
--------------------
01:56:59.280 kotlin.text.StringsKt
->J(0CA8.java:8)
00111000
--------------------
01:56:59.280 okhttp3.internal.http2.Http2
-><clinit>(0D21.java:3)
00111000
--------------------
01:56:59.280 okhttp3.internal.http2.Http2
-><clinit>(0D21.java:1)
111001
--------------------
01:56:59.280 okhttp3.internal.Util
->format(0D08.java:5)
  111001
--------------------
01:56:59.280 okhttp3.internal.http2.Http2
-><clinit>(0D21.java:2)
  111001
--------------------
01:56:59.280 kotlin.text.StringsKt__StringsJVMKt
->replace$default(0CA5.java:22)
00111001
--------------------
01:56:59.280 kotlin.text.StringsKt
->J(0CA8.java:8)
00111001
--------------------
01:56:59.280 okhttp3.internal.http2.Http2
-><clinit>(0D21.java:3)
00111001
--------------------
01:56:59.281 okhttp3.internal.http2.Http2
-><clinit>(0D21.java:1)
111010
--------------------
01:56:59.281 okhttp3.internal.Util
->format(0D08.java:5)
  111010
--------------------
01:56:59.281 okhttp3.internal.http2.Http2
-><clinit>(0D21.java:2)
  111010
--------------------
01:56:59.281 kotlin.text.StringsKt__StringsJVMKt
->replace$default(0CA5.java:22)
00111010
--------------------
01:56:59.281 kotlin.text.StringsKt
->J(0CA8.java:8)
00111010
--------------------
01:56:59.281 okhttp3.internal.http2.Http2
-><clinit>(0D21.java:3)
00111010
--------------------
01:56:59.281 okhttp3.internal.http2.Http2
-><clinit>(0D21.java:1)
111011
--------------------
01:56:59.281 okhttp3.internal.Util
->format(0D08.java:5)
  111011
--------------------
01:56:59.281 okhttp3.internal.http2.Http2
-><clinit>(0D21.java:2)
  111011
--------------------
01:56:59.281 kotlin.text.StringsKt__StringsJVMKt
->replace$default(0CA5.java:22)
00111011
--------------------
01:56:59.281 kotlin.text.StringsKt
->J(0CA8.java:8)
00111011
--------------------
01:56:59.281 okhttp3.internal.http2.Http2
-><clinit>(0D21.java:3)
00111011
--------------------
01:56:59.281 okhttp3.internal.http2.Http2
-><clinit>(0D21.java:1)
111100
--------------------
01:56:59.281 okhttp3.internal.Util
->format(0D08.java:5)
  111100
--------------------
01:56:59.281 okhttp3.internal.http2.Http2
-><clinit>(0D21.java:2)
  111100
--------------------
01:56:59.281 kotlin.text.StringsKt__StringsJVMKt
->replace$default(0CA5.java:22)
00111100
--------------------
01:56:59.281 kotlin.text.StringsKt
->J(0CA8.java:8)
00111100
--------------------
01:56:59.281 okhttp3.internal.http2.Http2
-><clinit>(0D21.java:3)
00111100
--------------------
01:56:59.281 okhttp3.internal.http2.Http2
-><clinit>(0D21.java:1)
111101
--------------------
01:56:59.281 okhttp3.internal.Util
->format(0D08.java:5)
  111101
--------------------
01:56:59.281 okhttp3.internal.http2.Http2
-><clinit>(0D21.java:2)
  111101
--------------------
01:56:59.281 kotlin.text.StringsKt__StringsJVMKt
->replace$default(0CA5.java:22)
00111101
--------------------
01:56:59.281 kotlin.text.StringsKt
->J(0CA8.java:8)
00111101
--------------------
01:56:59.281 okhttp3.internal.http2.Http2
-><clinit>(0D21.java:3)
00111101
--------------------
01:56:59.281 okhttp3.internal.http2.Http2
-><clinit>(0D21.java:1)
111110
--------------------
01:56:59.281 okhttp3.internal.Util
->format(0D08.java:5)
  111110
--------------------
01:56:59.281 okhttp3.internal.http2.Http2
-><clinit>(0D21.java:2)
  111110
--------------------
01:56:59.281 kotlin.text.StringsKt__StringsJVMKt
->replace$default(0CA5.java:22)
00111110
--------------------
01:56:59.281 kotlin.text.StringsKt
->J(0CA8.java:8)
00111110
--------------------
01:56:59.281 okhttp3.internal.http2.Http2
-><clinit>(0D21.java:3)
00111110
--------------------
01:56:59.281 okhttp3.internal.http2.Http2
-><clinit>(0D21.java:1)
111111
--------------------
01:56:59.281 okhttp3.internal.Util
->format(0D08.java:5)
  111111
--------------------
01:56:59.281 okhttp3.internal.http2.Http2
-><clinit>(0D21.java:2)
  111111
--------------------
01:56:59.281 kotlin.text.StringsKt__StringsJVMKt
->replace$default(0CA5.java:22)
00111111
--------------------
01:56:59.281 kotlin.text.StringsKt
->J(0CA8.java:8)
00111111
--------------------
01:56:59.281 okhttp3.internal.http2.Http2
-><clinit>(0D21.java:3)
00111111
--------------------
01:56:59.281 okhttp3.internal.http2.Http2
-><clinit>(0D21.java:1)
1000000
--------------------
01:56:59.281 okhttp3.internal.Util
->format(0D08.java:5)
 1000000
--------------------
01:56:59.281 okhttp3.internal.http2.Http2
-><clinit>(0D21.java:2)
 1000000
--------------------
01:56:59.281 kotlin.text.StringsKt__StringsJVMKt
->replace$default(0CA5.java:22)
01000000
--------------------
01:56:59.281 kotlin.text.StringsKt
->J(0CA8.java:8)
01000000
--------------------
01:56:59.281 okhttp3.internal.http2.Http2
-><clinit>(0D21.java:3)
01000000
--------------------
01:56:59.281 okhttp3.internal.http2.Http2
-><clinit>(0D21.java:1)
1000001
--------------------
01:56:59.281 okhttp3.internal.Util
->format(0D08.java:5)
 1000001
--------------------
01:56:59.281 okhttp3.internal.http2.Http2
-><clinit>(0D21.java:2)
 1000001
--------------------
01:56:59.281 kotlin.text.StringsKt__StringsJVMKt
->replace$default(0CA5.java:22)
01000001
--------------------
01:56:59.281 kotlin.text.StringsKt
->J(0CA8.java:8)
01000001
--------------------
01:56:59.281 okhttp3.internal.http2.Http2
-><clinit>(0D21.java:3)
01000001
--------------------
01:56:59.281 okhttp3.internal.http2.Http2
-><clinit>(0D21.java:1)
1000010
--------------------
01:56:59.281 okhttp3.internal.Util
->format(0D08.java:5)
 1000010
--------------------
01:56:59.281 okhttp3.internal.http2.Http2
-><clinit>(0D21.java:2)
 1000010
--------------------
01:56:59.281 kotlin.text.StringsKt__StringsJVMKt
->replace$default(0CA5.java:22)
01000010
--------------------
01:56:59.281 kotlin.text.StringsKt
->J(0CA8.java:8)
01000010
--------------------
01:56:59.281 okhttp3.internal.http2.Http2
-><clinit>(0D21.java:3)
01000010
--------------------
01:56:59.281 okhttp3.internal.http2.Http2
-><clinit>(0D21.java:1)
1000011
--------------------
01:56:59.281 okhttp3.internal.Util
->format(0D08.java:5)
 1000011
--------------------
01:56:59.282 okhttp3.internal.http2.Http2
-><clinit>(0D21.java:2)
 1000011
--------------------
01:56:59.282 kotlin.text.StringsKt__StringsJVMKt
->replace$default(0CA5.java:22)
01000011
--------------------
01:56:59.282 kotlin.text.StringsKt
->J(0CA8.java:8)
01000011
--------------------
01:56:59.282 okhttp3.internal.http2.Http2
-><clinit>(0D21.java:3)
01000011
--------------------
01:56:59.282 okhttp3.internal.http2.Http2
-><clinit>(0D21.java:1)
1000100
--------------------
01:56:59.282 okhttp3.internal.Util
->format(0D08.java:5)
 1000100
--------------------
01:56:59.282 okhttp3.internal.http2.Http2
-><clinit>(0D21.java:2)
 1000100
--------------------
01:56:59.282 kotlin.text.StringsKt__StringsJVMKt
->replace$default(0CA5.java:22)
01000100
--------------------
01:56:59.282 kotlin.text.StringsKt
->J(0CA8.java:8)
01000100
--------------------
01:56:59.282 okhttp3.internal.http2.Http2
-><clinit>(0D21.java:3)
01000100
--------------------
01:56:59.282 okhttp3.internal.http2.Http2
-><clinit>(0D21.java:1)
1000101
--------------------
01:56:59.282 okhttp3.internal.Util
->format(0D08.java:5)
 1000101
--------------------
01:56:59.282 okhttp3.internal.http2.Http2
-><clinit>(0D21.java:2)
 1000101
--------------------
01:56:59.282 kotlin.text.StringsKt__StringsJVMKt
->replace$default(0CA5.java:22)
01000101
--------------------
01:56:59.282 kotlin.text.StringsKt
->J(0CA8.java:8)
01000101
--------------------
01:56:59.282 okhttp3.internal.http2.Http2
-><clinit>(0D21.java:3)
01000101
--------------------
01:56:59.282 okhttp3.internal.http2.Http2
-><clinit>(0D21.java:1)
1000110
--------------------
01:56:59.282 okhttp3.internal.Util
->format(0D08.java:5)
 1000110
--------------------
01:56:59.282 okhttp3.internal.http2.Http2
-><clinit>(0D21.java:2)
 1000110
--------------------
01:56:59.282 kotlin.text.StringsKt__StringsJVMKt
->replace$default(0CA5.java:22)
01000110
--------------------
01:56:59.282 kotlin.text.StringsKt
->J(0CA8.java:8)
01000110
--------------------
01:56:59.282 okhttp3.internal.http2.Http2
-><clinit>(0D21.java:3)
01000110
--------------------
01:56:59.282 okhttp3.internal.http2.Http2
-><clinit>(0D21.java:1)
1000111
--------------------
01:56:59.282 okhttp3.internal.Util
->format(0D08.java:5)
 1000111
--------------------
01:56:59.282 okhttp3.internal.http2.Http2
-><clinit>(0D21.java:2)
 1000111
--------------------
01:56:59.282 kotlin.text.StringsKt__StringsJVMKt
->replace$default(0CA5.java:22)
01000111
--------------------
01:56:59.282 kotlin.text.StringsKt
->J(0CA8.java:8)
01000111
--------------------
01:56:59.282 okhttp3.internal.http2.Http2
-><clinit>(0D21.java:3)
01000111
--------------------
01:56:59.282 okhttp3.internal.http2.Http2
-><clinit>(0D21.java:1)
1001000
--------------------
01:56:59.282 okhttp3.internal.Util
->format(0D08.java:5)
 1001000
--------------------
01:56:59.282 okhttp3.internal.http2.Http2
-><clinit>(0D21.java:2)
 1001000
--------------------
01:56:59.282 kotlin.text.StringsKt__StringsJVMKt
->replace$default(0CA5.java:22)
01001000
--------------------
01:56:59.282 kotlin.text.StringsKt
->J(0CA8.java:8)
01001000
--------------------
01:56:59.282 okhttp3.internal.http2.Http2
-><clinit>(0D21.java:3)
01001000
--------------------
01:56:59.282 okhttp3.internal.http2.Http2
-><clinit>(0D21.java:1)
1001001
--------------------
01:56:59.282 okhttp3.internal.Util
->format(0D08.java:5)
 1001001
--------------------
01:56:59.282 okhttp3.internal.http2.Http2
-><clinit>(0D21.java:2)
 1001001
--------------------
01:56:59.282 kotlin.text.StringsKt__StringsJVMKt
->replace$default(0CA5.java:22)
01001001
--------------------
01:56:59.282 kotlin.text.StringsKt
->J(0CA8.java:8)
01001001
--------------------
01:56:59.282 okhttp3.internal.http2.Http2
-><clinit>(0D21.java:3)
01001001
--------------------
01:56:59.282 okhttp3.internal.http2.Http2
-><clinit>(0D21.java:1)
1001010
--------------------
01:56:59.282 okhttp3.internal.Util
->format(0D08.java:5)
 1001010
--------------------
01:56:59.282 okhttp3.internal.http2.Http2
-><clinit>(0D21.java:2)
 1001010
--------------------
01:56:59.282 kotlin.text.StringsKt__StringsJVMKt
->replace$default(0CA5.java:22)
01001010
--------------------
01:56:59.282 kotlin.text.StringsKt
->J(0CA8.java:8)
01001010
--------------------
01:56:59.282 okhttp3.internal.http2.Http2
-><clinit>(0D21.java:3)
01001010
--------------------
01:56:59.282 okhttp3.internal.http2.Http2
-><clinit>(0D21.java:1)
1001011
--------------------
01:56:59.282 okhttp3.internal.Util
->format(0D08.java:5)
 1001011
--------------------
01:56:59.282 okhttp3.internal.http2.Http2
-><clinit>(0D21.java:2)
 1001011
--------------------
01:56:59.282 kotlin.text.StringsKt__StringsJVMKt
->replace$default(0CA5.java:22)
01001011
--------------------
01:56:59.282 kotlin.text.StringsKt
->J(0CA8.java:8)
01001011
--------------------
01:56:59.282 okhttp3.internal.http2.Http2
-><clinit>(0D21.java:3)
01001011
--------------------
01:56:59.282 okhttp3.internal.http2.Http2
-><clinit>(0D21.java:1)
1001100
--------------------
01:56:59.283 okhttp3.internal.Util
->format(0D08.java:5)
 1001100
--------------------
01:56:59.283 okhttp3.internal.http2.Http2
-><clinit>(0D21.java:2)
 1001100
--------------------
01:56:59.283 kotlin.text.StringsKt__StringsJVMKt
->replace$default(0CA5.java:22)
01001100
--------------------
01:56:59.283 kotlin.text.StringsKt
->J(0CA8.java:8)
01001100
--------------------
01:56:59.283 okhttp3.internal.http2.Http2
-><clinit>(0D21.java:3)
01001100
--------------------
01:56:59.283 okhttp3.internal.http2.Http2
-><clinit>(0D21.java:1)
1001101
--------------------
01:56:59.283 okhttp3.internal.Util
->format(0D08.java:5)
 1001101
--------------------
01:56:59.283 okhttp3.internal.http2.Http2
-><clinit>(0D21.java:2)
 1001101
--------------------
01:56:59.283 kotlin.text.StringsKt__StringsJVMKt
->replace$default(0CA5.java:22)
01001101
--------------------
01:56:59.283 kotlin.text.StringsKt
->J(0CA8.java:8)
01001101
--------------------
01:56:59.283 okhttp3.internal.http2.Http2
-><clinit>(0D21.java:3)
01001101
--------------------
01:56:59.283 okhttp3.internal.http2.Http2
-><clinit>(0D21.java:1)
1001110
--------------------
01:56:59.283 okhttp3.internal.Util
->format(0D08.java:5)
 1001110
--------------------
01:56:59.283 okhttp3.internal.http2.Http2
-><clinit>(0D21.java:2)
 1001110
--------------------
01:56:59.283 kotlin.text.StringsKt__StringsJVMKt
->replace$default(0CA5.java:22)
01001110
--------------------
01:56:59.283 kotlin.text.StringsKt
->J(0CA8.java:8)
01001110
--------------------
01:56:59.283 okhttp3.internal.http2.Http2
-><clinit>(0D21.java:3)
01001110
--------------------
01:56:59.283 okhttp3.internal.http2.Http2
-><clinit>(0D21.java:1)
1001111
--------------------
01:56:59.283 okhttp3.internal.Util
->format(0D08.java:5)
 1001111
--------------------
01:56:59.283 okhttp3.internal.http2.Http2
-><clinit>(0D21.java:2)
 1001111
--------------------
01:56:59.283 kotlin.text.StringsKt__StringsJVMKt
->replace$default(0CA5.java:22)
01001111
--------------------
01:56:59.283 kotlin.text.StringsKt
->J(0CA8.java:8)
01001111
--------------------
01:56:59.283 okhttp3.internal.http2.Http2
-><clinit>(0D21.java:3)
01001111
--------------------
01:56:59.283 okhttp3.internal.http2.Http2
-><clinit>(0D21.java:1)
1010000
--------------------
01:56:59.283 okhttp3.internal.Util
->format(0D08.java:5)
 1010000
--------------------
01:56:59.283 okhttp3.internal.http2.Http2
-><clinit>(0D21.java:2)
 1010000
--------------------
01:56:59.283 kotlin.text.StringsKt__StringsJVMKt
->replace$default(0CA5.java:22)
01010000
--------------------
01:56:59.283 kotlin.text.StringsKt
->J(0CA8.java:8)
01010000
--------------------
01:56:59.283 okhttp3.internal.http2.Http2
-><clinit>(0D21.java:3)
01010000
--------------------
01:56:59.283 okhttp3.internal.http2.Http2
-><clinit>(0D21.java:1)
1010001
--------------------
01:56:59.283 okhttp3.internal.Util
->format(0D08.java:5)
 1010001
--------------------
01:56:59.283 okhttp3.internal.http2.Http2
-><clinit>(0D21.java:2)
 1010001
--------------------
01:56:59.283 kotlin.text.StringsKt__StringsJVMKt
->replace$default(0CA5.java:22)
01010001
--------------------
01:56:59.283 kotlin.text.StringsKt
->J(0CA8.java:8)
01010001
--------------------
01:56:59.283 okhttp3.internal.http2.Http2
-><clinit>(0D21.java:3)
01010001
--------------------
01:56:59.283 okhttp3.internal.http2.Http2
-><clinit>(0D21.java:1)
1010010
--------------------
01:56:59.283 okhttp3.internal.Util
->format(0D08.java:5)
 1010010
--------------------
01:56:59.283 okhttp3.internal.http2.Http2
-><clinit>(0D21.java:2)
 1010010
--------------------
01:56:59.283 kotlin.text.StringsKt__StringsJVMKt
->replace$default(0CA5.java:22)
01010010
--------------------
01:56:59.283 kotlin.text.StringsKt
->J(0CA8.java:8)
01010010
--------------------
01:56:59.283 okhttp3.internal.http2.Http2
-><clinit>(0D21.java:3)
01010010
--------------------
01:56:59.283 okhttp3.internal.http2.Http2
-><clinit>(0D21.java:1)
1010011
--------------------
01:56:59.283 okhttp3.internal.Util
->format(0D08.java:5)
 1010011
--------------------
01:56:59.283 okhttp3.internal.http2.Http2
-><clinit>(0D21.java:2)
 1010011
--------------------
01:56:59.283 kotlin.text.StringsKt__StringsJVMKt
->replace$default(0CA5.java:22)
01010011
--------------------
01:56:59.284 kotlin.text.StringsKt
->J(0CA8.java:8)
01010011
--------------------
01:56:59.284 okhttp3.internal.http2.Http2
-><clinit>(0D21.java:3)
01010011
--------------------
01:56:59.284 okhttp3.internal.http2.Http2
-><clinit>(0D21.java:1)
1010100
--------------------
01:56:59.284 okhttp3.internal.Util
->format(0D08.java:5)
 1010100
--------------------
01:56:59.284 okhttp3.internal.http2.Http2
-><clinit>(0D21.java:2)
 1010100
--------------------
01:56:59.284 kotlin.text.StringsKt__StringsJVMKt
->replace$default(0CA5.java:22)
01010100
--------------------
01:56:59.284 kotlin.text.StringsKt
->J(0CA8.java:8)
01010100
--------------------
01:56:59.284 okhttp3.internal.http2.Http2
-><clinit>(0D21.java:3)
01010100
--------------------
01:56:59.284 okhttp3.internal.http2.Http2
-><clinit>(0D21.java:1)
1010101
--------------------
01:56:59.284 okhttp3.internal.Util
->format(0D08.java:5)
 1010101
--------------------
01:56:59.284 okhttp3.internal.http2.Http2
-><clinit>(0D21.java:2)
 1010101
--------------------
01:56:59.284 kotlin.text.StringsKt__StringsJVMKt
->replace$default(0CA5.java:22)
01010101
--------------------
01:56:59.284 kotlin.text.StringsKt
->J(0CA8.java:8)
01010101
--------------------
01:56:59.284 okhttp3.internal.http2.Http2
-><clinit>(0D21.java:3)
01010101
--------------------
01:56:59.284 okhttp3.internal.http2.Http2
-><clinit>(0D21.java:1)
1010110
--------------------
01:56:59.284 okhttp3.internal.Util
->format(0D08.java:5)
 1010110
--------------------
01:56:59.284 okhttp3.internal.http2.Http2
-><clinit>(0D21.java:2)
 1010110
--------------------
01:56:59.284 kotlin.text.StringsKt__StringsJVMKt
->replace$default(0CA5.java:22)
01010110
--------------------
01:56:59.284 kotlin.text.StringsKt
->J(0CA8.java:8)
01010110
--------------------
01:56:59.284 okhttp3.internal.http2.Http2
-><clinit>(0D21.java:3)
01010110
--------------------
01:56:59.284 okhttp3.internal.http2.Http2
-><clinit>(0D21.java:1)
1010111
--------------------
01:56:59.284 okhttp3.internal.Util
->format(0D08.java:5)
 1010111
--------------------
01:56:59.284 okhttp3.internal.http2.Http2
-><clinit>(0D21.java:2)
 1010111
--------------------
01:56:59.284 kotlin.text.StringsKt__StringsJVMKt
->replace$default(0CA5.java:22)
01010111
--------------------
01:56:59.284 kotlin.text.StringsKt
->J(0CA8.java:8)
01010111
--------------------
01:56:59.284 okhttp3.internal.http2.Http2
-><clinit>(0D21.java:3)
01010111
--------------------
01:56:59.284 okhttp3.internal.http2.Http2
-><clinit>(0D21.java:1)
1011000
--------------------
01:56:59.284 okhttp3.internal.Util
->format(0D08.java:5)
 1011000
--------------------
01:56:59.284 okhttp3.internal.http2.Http2
-><clinit>(0D21.java:2)
 1011000
--------------------
01:56:59.284 kotlin.text.StringsKt__StringsJVMKt
->replace$default(0CA5.java:22)
01011000
--------------------
01:56:59.284 kotlin.text.StringsKt
->J(0CA8.java:8)
01011000
--------------------
01:56:59.284 okhttp3.internal.http2.Http2
-><clinit>(0D21.java:3)
01011000
--------------------
01:56:59.284 okhttp3.internal.http2.Http2
-><clinit>(0D21.java:1)
1011001
--------------------
01:56:59.284 okhttp3.internal.Util
->format(0D08.java:5)
 1011001
--------------------
01:56:59.284 okhttp3.internal.http2.Http2
-><clinit>(0D21.java:2)
 1011001
--------------------
01:56:59.284 kotlin.text.StringsKt__StringsJVMKt
->replace$default(0CA5.java:22)
01011001
--------------------
01:56:59.284 kotlin.text.StringsKt
->J(0CA8.java:8)
01011001
--------------------
01:56:59.284 okhttp3.internal.http2.Http2
-><clinit>(0D21.java:3)
01011001
--------------------
01:56:59.284 okhttp3.internal.http2.Http2
-><clinit>(0D21.java:1)
1011010
--------------------
01:56:59.284 okhttp3.internal.Util
->format(0D08.java:5)
 1011010
--------------------
01:56:59.284 okhttp3.internal.http2.Http2
-><clinit>(0D21.java:2)
 1011010
--------------------
01:56:59.284 kotlin.text.StringsKt__StringsJVMKt
->replace$default(0CA5.java:22)
01011010
--------------------
01:56:59.284 kotlin.text.StringsKt
->J(0CA8.java:8)
01011010
--------------------
01:56:59.284 okhttp3.internal.http2.Http2
-><clinit>(0D21.java:3)
01011010
--------------------
01:56:59.284 okhttp3.internal.http2.Http2
-><clinit>(0D21.java:1)
1011011
--------------------
01:56:59.284 okhttp3.internal.Util
->format(0D08.java:5)
 1011011
--------------------
01:56:59.284 okhttp3.internal.http2.Http2
-><clinit>(0D21.java:2)
 1011011
--------------------
01:56:59.285 kotlin.text.StringsKt__StringsJVMKt
->replace$default(0CA5.java:22)
01011011
--------------------
01:56:59.285 kotlin.text.StringsKt
->J(0CA8.java:8)
01011011
--------------------
01:56:59.285 okhttp3.internal.http2.Http2
-><clinit>(0D21.java:3)
01011011
--------------------
01:56:59.285 okhttp3.internal.http2.Http2
-><clinit>(0D21.java:1)
1011100
--------------------
01:56:59.285 okhttp3.internal.Util
->format(0D08.java:5)
 1011100
--------------------
01:56:59.285 okhttp3.internal.http2.Http2
-><clinit>(0D21.java:2)
 1011100
--------------------
01:56:59.285 kotlin.text.StringsKt__StringsJVMKt
->replace$default(0CA5.java:22)
01011100
--------------------
01:56:59.285 kotlin.text.StringsKt
->J(0CA8.java:8)
01011100
--------------------
01:56:59.285 okhttp3.internal.http2.Http2
-><clinit>(0D21.java:3)
01011100
--------------------
01:56:59.285 okhttp3.internal.http2.Http2
-><clinit>(0D21.java:1)
1011101
--------------------
01:56:59.285 okhttp3.internal.Util
->format(0D08.java:5)
 1011101
--------------------
01:56:59.285 okhttp3.internal.http2.Http2
-><clinit>(0D21.java:2)
 1011101
--------------------
01:56:59.285 kotlin.text.StringsKt__StringsJVMKt
->replace$default(0CA5.java:22)
01011101
--------------------
01:56:59.285 kotlin.text.StringsKt
->J(0CA8.java:8)
01011101
--------------------
01:56:59.285 okhttp3.internal.http2.Http2
-><clinit>(0D21.java:3)
01011101
--------------------
01:56:59.285 okhttp3.internal.http2.Http2
-><clinit>(0D21.java:1)
1011110
--------------------
01:56:59.285 okhttp3.internal.Util
->format(0D08.java:5)
 1011110
--------------------
01:56:59.285 okhttp3.internal.http2.Http2
-><clinit>(0D21.java:2)
 1011110
--------------------
01:56:59.285 kotlin.text.StringsKt__StringsJVMKt
->replace$default(0CA5.java:22)
01011110
--------------------
01:56:59.285 kotlin.text.StringsKt
->J(0CA8.java:8)
01011110
--------------------
01:56:59.285 okhttp3.internal.http2.Http2
-><clinit>(0D21.java:3)
01011110
--------------------
01:56:59.285 okhttp3.internal.http2.Http2
-><clinit>(0D21.java:1)
1011111
--------------------
01:56:59.285 okhttp3.internal.Util
->format(0D08.java:5)
 1011111
--------------------
01:56:59.285 okhttp3.internal.http2.Http2
-><clinit>(0D21.java:2)
 1011111
--------------------
01:56:59.285 kotlin.text.StringsKt__StringsJVMKt
->replace$default(0CA5.java:22)
01011111
--------------------
01:56:59.285 kotlin.text.StringsKt
->J(0CA8.java:8)
01011111
--------------------
01:56:59.285 okhttp3.internal.http2.Http2
-><clinit>(0D21.java:3)
01011111
--------------------
01:56:59.285 okhttp3.internal.http2.Http2
-><clinit>(0D21.java:1)
1100000
--------------------
01:56:59.285 okhttp3.internal.Util
->format(0D08.java:5)
 1100000
--------------------
01:56:59.285 okhttp3.internal.http2.Http2
-><clinit>(0D21.java:2)
 1100000
--------------------
01:56:59.285 kotlin.text.StringsKt__StringsJVMKt
->replace$default(0CA5.java:22)
01100000
--------------------
01:56:59.285 kotlin.text.StringsKt
->J(0CA8.java:8)
01100000
--------------------
01:56:59.285 okhttp3.internal.http2.Http2
-><clinit>(0D21.java:3)
01100000
--------------------
01:56:59.285 okhttp3.internal.http2.Http2
-><clinit>(0D21.java:1)
1100001
--------------------
01:56:59.285 okhttp3.internal.Util
->format(0D08.java:5)
 1100001
--------------------
01:56:59.285 okhttp3.internal.http2.Http2
-><clinit>(0D21.java:2)
 1100001
--------------------
01:56:59.285 kotlin.text.StringsKt__StringsJVMKt
->replace$default(0CA5.java:22)
01100001
--------------------
01:56:59.285 kotlin.text.StringsKt
->J(0CA8.java:8)
01100001
--------------------
01:56:59.285 okhttp3.internal.http2.Http2
-><clinit>(0D21.java:3)
01100001
--------------------
01:56:59.285 okhttp3.internal.http2.Http2
-><clinit>(0D21.java:1)
1100010
--------------------
01:56:59.285 okhttp3.internal.Util
->format(0D08.java:5)
 1100010
--------------------
01:56:59.285 okhttp3.internal.http2.Http2
-><clinit>(0D21.java:2)
 1100010
--------------------
01:56:59.285 kotlin.text.StringsKt__StringsJVMKt
->replace$default(0CA5.java:22)
01100010
--------------------
01:56:59.285 kotlin.text.StringsKt
->J(0CA8.java:8)
01100010
--------------------
01:56:59.285 okhttp3.internal.http2.Http2
-><clinit>(0D21.java:3)
01100010
--------------------
01:56:59.285 okhttp3.internal.http2.Http2
-><clinit>(0D21.java:1)
1100011
--------------------
01:56:59.286 okhttp3.internal.Util
->format(0D08.java:5)
 1100011
--------------------
01:56:59.286 okhttp3.internal.http2.Http2
-><clinit>(0D21.java:2)
 1100011
--------------------
01:56:59.286 kotlin.text.StringsKt__StringsJVMKt
->replace$default(0CA5.java:22)
01100011
--------------------
01:56:59.286 kotlin.text.StringsKt
->J(0CA8.java:8)
01100011
--------------------
01:56:59.286 okhttp3.internal.http2.Http2
-><clinit>(0D21.java:3)
01100011
--------------------
01:56:59.286 okhttp3.internal.http2.Http2
-><clinit>(0D21.java:1)
1100100
--------------------
01:56:59.286 okhttp3.internal.Util
->format(0D08.java:5)
 1100100
--------------------
01:56:59.286 okhttp3.internal.http2.Http2
-><clinit>(0D21.java:2)
 1100100
--------------------
01:56:59.286 kotlin.text.StringsKt__StringsJVMKt
->replace$default(0CA5.java:22)
01100100
--------------------
01:56:59.286 kotlin.text.StringsKt
->J(0CA8.java:8)
01100100
--------------------
01:56:59.286 okhttp3.internal.http2.Http2
-><clinit>(0D21.java:3)
01100100
--------------------
01:56:59.286 okhttp3.internal.http2.Http2
-><clinit>(0D21.java:1)
1100101
--------------------
01:56:59.286 okhttp3.internal.Util
->format(0D08.java:5)
 1100101
--------------------
01:56:59.286 okhttp3.internal.http2.Http2
-><clinit>(0D21.java:2)
 1100101
--------------------
01:56:59.286 kotlin.text.StringsKt__StringsJVMKt
->replace$default(0CA5.java:22)
01100101
--------------------
01:56:59.286 kotlin.text.StringsKt
->J(0CA8.java:8)
01100101
--------------------
01:56:59.286 okhttp3.internal.http2.Http2
-><clinit>(0D21.java:3)
01100101
--------------------
01:56:59.286 okhttp3.internal.http2.Http2
-><clinit>(0D21.java:1)
1100110
--------------------
01:56:59.286 okhttp3.internal.Util
->format(0D08.java:5)
 1100110
--------------------
01:56:59.286 okhttp3.internal.http2.Http2
-><clinit>(0D21.java:2)
 1100110
--------------------
01:56:59.286 kotlin.text.StringsKt__StringsJVMKt
->replace$default(0CA5.java:22)
01100110
--------------------
01:56:59.286 kotlin.text.StringsKt
->J(0CA8.java:8)
01100110
--------------------
01:56:59.286 okhttp3.internal.http2.Http2
-><clinit>(0D21.java:3)
01100110
--------------------
01:56:59.286 okhttp3.internal.http2.Http2
-><clinit>(0D21.java:1)
1100111
--------------------
01:56:59.286 okhttp3.internal.Util
->format(0D08.java:5)
 1100111
--------------------
01:56:59.286 okhttp3.internal.http2.Http2
-><clinit>(0D21.java:2)
 1100111
--------------------
01:56:59.286 kotlin.text.StringsKt__StringsJVMKt
->replace$default(0CA5.java:22)
01100111
--------------------
01:56:59.286 kotlin.text.StringsKt
->J(0CA8.java:8)
01100111
--------------------
01:56:59.286 okhttp3.internal.http2.Http2
-><clinit>(0D21.java:3)
01100111
--------------------
01:56:59.286 okhttp3.internal.http2.Http2
-><clinit>(0D21.java:1)
1101000
--------------------
01:56:59.286 okhttp3.internal.Util
->format(0D08.java:5)
 1101000
--------------------
01:56:59.286 okhttp3.internal.http2.Http2
-><clinit>(0D21.java:2)
 1101000
--------------------
01:56:59.286 kotlin.text.StringsKt__StringsJVMKt
->replace$default(0CA5.java:22)
01101000
--------------------
01:56:59.286 kotlin.text.StringsKt
->J(0CA8.java:8)
01101000
--------------------
01:56:59.286 okhttp3.internal.http2.Http2
-><clinit>(0D21.java:3)
01101000
--------------------
01:56:59.286 okhttp3.internal.http2.Http2
-><clinit>(0D21.java:1)
1101001
--------------------
01:56:59.286 okhttp3.internal.Util
->format(0D08.java:5)
 1101001
--------------------
01:56:59.286 okhttp3.internal.http2.Http2
-><clinit>(0D21.java:2)
 1101001
--------------------
01:56:59.286 kotlin.text.StringsKt__StringsJVMKt
->replace$default(0CA5.java:22)
01101001
--------------------
01:56:59.286 kotlin.text.StringsKt
->J(0CA8.java:8)
01101001
--------------------
01:56:59.286 okhttp3.internal.http2.Http2
-><clinit>(0D21.java:3)
01101001
--------------------
01:56:59.286 okhttp3.internal.http2.Http2
-><clinit>(0D21.java:1)
1101010
--------------------
01:56:59.286 okhttp3.internal.Util
->format(0D08.java:5)
 1101010
--------------------
01:56:59.286 okhttp3.internal.http2.Http2
-><clinit>(0D21.java:2)
 1101010
--------------------
01:56:59.286 kotlin.text.StringsKt__StringsJVMKt
->replace$default(0CA5.java:22)
01101010
--------------------
01:56:59.286 kotlin.text.StringsKt
->J(0CA8.java:8)
01101010
--------------------
01:56:59.286 okhttp3.internal.http2.Http2
-><clinit>(0D21.java:3)
01101010
--------------------
01:56:59.286 okhttp3.internal.http2.Http2
-><clinit>(0D21.java:1)
1101011
--------------------
01:56:59.286 okhttp3.internal.Util
->format(0D08.java:5)
 1101011
--------------------
01:56:59.286 okhttp3.internal.http2.Http2
-><clinit>(0D21.java:2)
 1101011
--------------------
01:56:59.287 kotlin.text.StringsKt__StringsJVMKt
->replace$default(0CA5.java:22)
01101011
--------------------
01:56:59.287 kotlin.text.StringsKt
->J(0CA8.java:8)
01101011
--------------------
01:56:59.287 okhttp3.internal.http2.Http2
-><clinit>(0D21.java:3)
01101011
--------------------
01:56:59.287 okhttp3.internal.http2.Http2
-><clinit>(0D21.java:1)
1101100
--------------------
01:56:59.287 okhttp3.internal.Util
->format(0D08.java:5)
 1101100
--------------------
01:56:59.287 okhttp3.internal.http2.Http2
-><clinit>(0D21.java:2)
 1101100
--------------------
01:56:59.287 kotlin.text.StringsKt__StringsJVMKt
->replace$default(0CA5.java:22)
01101100
--------------------
01:56:59.287 kotlin.text.StringsKt
->J(0CA8.java:8)
01101100
--------------------
01:56:59.287 okhttp3.internal.http2.Http2
-><clinit>(0D21.java:3)
01101100
--------------------
01:56:59.287 okhttp3.internal.http2.Http2
-><clinit>(0D21.java:1)
1101101
--------------------
01:56:59.287 okhttp3.internal.Util
->format(0D08.java:5)
 1101101
--------------------
01:56:59.287 okhttp3.internal.http2.Http2
-><clinit>(0D21.java:2)
 1101101
--------------------
01:56:59.287 kotlin.text.StringsKt__StringsJVMKt
->replace$default(0CA5.java:22)
01101101
--------------------
01:56:59.287 kotlin.text.StringsKt
->J(0CA8.java:8)
01101101
--------------------
01:56:59.287 okhttp3.internal.http2.Http2
-><clinit>(0D21.java:3)
01101101
--------------------
01:56:59.287 okhttp3.internal.http2.Http2
-><clinit>(0D21.java:1)
1101110
--------------------
01:56:59.287 okhttp3.internal.Util
->format(0D08.java:5)
 1101110
--------------------
01:56:59.287 okhttp3.internal.http2.Http2
-><clinit>(0D21.java:2)
 1101110
--------------------
01:56:59.287 kotlin.text.StringsKt__StringsJVMKt
->replace$default(0CA5.java:22)
01101110
--------------------
01:56:59.287 kotlin.text.StringsKt
->J(0CA8.java:8)
01101110
--------------------
01:56:59.287 okhttp3.internal.http2.Http2
-><clinit>(0D21.java:3)
01101110
--------------------
01:56:59.287 okhttp3.internal.http2.Http2
-><clinit>(0D21.java:1)
1101111
--------------------
01:56:59.287 okhttp3.internal.Util
->format(0D08.java:5)
 1101111
--------------------
01:56:59.287 okhttp3.internal.http2.Http2
-><clinit>(0D21.java:2)
 1101111
--------------------
01:56:59.287 kotlin.text.StringsKt__StringsJVMKt
->replace$default(0CA5.java:22)
01101111
--------------------
01:56:59.287 kotlin.text.StringsKt
->J(0CA8.java:8)
01101111
--------------------
01:56:59.287 okhttp3.internal.http2.Http2
-><clinit>(0D21.java:3)
01101111
--------------------
01:56:59.287 okhttp3.internal.http2.Http2
-><clinit>(0D21.java:1)
1110000
--------------------
01:56:59.287 okhttp3.internal.Util
->format(0D08.java:5)
 1110000
--------------------
01:56:59.287 okhttp3.internal.http2.Http2
-><clinit>(0D21.java:2)
 1110000
--------------------
01:56:59.287 kotlin.text.StringsKt__StringsJVMKt
->replace$default(0CA5.java:22)
01110000
--------------------
01:56:59.287 kotlin.text.StringsKt
->J(0CA8.java:8)
01110000
--------------------
01:56:59.287 okhttp3.internal.http2.Http2
-><clinit>(0D21.java:3)
01110000
--------------------
01:56:59.287 okhttp3.internal.http2.Http2
-><clinit>(0D21.java:1)
1110001
--------------------
01:56:59.287 okhttp3.internal.Util
->format(0D08.java:5)
 1110001
--------------------
01:56:59.287 okhttp3.internal.http2.Http2
-><clinit>(0D21.java:2)
 1110001
--------------------
01:56:59.287 kotlin.text.StringsKt__StringsJVMKt
->replace$default(0CA5.java:22)
01110001
--------------------
01:56:59.287 kotlin.text.StringsKt
->J(0CA8.java:8)
01110001
--------------------
01:56:59.287 okhttp3.internal.http2.Http2
-><clinit>(0D21.java:3)
01110001
--------------------
01:56:59.287 okhttp3.internal.http2.Http2
-><clinit>(0D21.java:1)
1110010
--------------------
01:56:59.287 okhttp3.internal.Util
->format(0D08.java:5)
 1110010
--------------------
01:56:59.287 okhttp3.internal.http2.Http2
-><clinit>(0D21.java:2)
 1110010
--------------------
01:56:59.287 kotlin.text.StringsKt__StringsJVMKt
->replace$default(0CA5.java:22)
01110010
--------------------
01:56:59.287 kotlin.text.StringsKt
->J(0CA8.java:8)
01110010
--------------------
01:56:59.287 okhttp3.internal.http2.Http2
-><clinit>(0D21.java:3)
01110010
--------------------
01:56:59.287 okhttp3.internal.http2.Http2
-><clinit>(0D21.java:1)
1110011
--------------------
01:56:59.287 okhttp3.internal.Util
->format(0D08.java:5)
 1110011
--------------------
01:56:59.287 okhttp3.internal.http2.Http2
-><clinit>(0D21.java:2)
 1110011
--------------------
01:56:59.287 kotlin.text.StringsKt__StringsJVMKt
->replace$default(0CA5.java:22)
01110011
--------------------
01:56:59.287 kotlin.text.StringsKt
->J(0CA8.java:8)
01110011
--------------------
01:56:59.287 okhttp3.internal.http2.Http2
-><clinit>(0D21.java:3)
01110011
--------------------
01:56:59.287 okhttp3.internal.http2.Http2
-><clinit>(0D21.java:1)
1110100
--------------------
01:56:59.287 okhttp3.internal.Util
->format(0D08.java:5)
 1110100
--------------------
01:56:59.287 okhttp3.internal.http2.Http2
-><clinit>(0D21.java:2)
 1110100
--------------------
01:56:59.287 kotlin.text.StringsKt__StringsJVMKt
->replace$default(0CA5.java:22)
01110100
--------------------
01:56:59.287 kotlin.text.StringsKt
->J(0CA8.java:8)
01110100
--------------------
01:56:59.288 okhttp3.internal.http2.Http2
-><clinit>(0D21.java:3)
01110100
--------------------
01:56:59.288 okhttp3.internal.http2.Http2
-><clinit>(0D21.java:1)
1110101
--------------------
01:56:59.288 okhttp3.internal.Util
->format(0D08.java:5)
 1110101
--------------------
01:56:59.288 okhttp3.internal.http2.Http2
-><clinit>(0D21.java:2)
 1110101
--------------------
01:56:59.288 kotlin.text.StringsKt__StringsJVMKt
->replace$default(0CA5.java:22)
01110101
--------------------
01:56:59.288 kotlin.text.StringsKt
->J(0CA8.java:8)
01110101
--------------------
01:56:59.288 okhttp3.internal.http2.Http2
-><clinit>(0D21.java:3)
01110101
--------------------
01:56:59.288 okhttp3.internal.http2.Http2
-><clinit>(0D21.java:1)
1110110
--------------------
01:56:59.288 okhttp3.internal.Util
->format(0D08.java:5)
 1110110
--------------------
01:56:59.288 okhttp3.internal.http2.Http2
-><clinit>(0D21.java:2)
 1110110
--------------------
01:56:59.288 kotlin.text.StringsKt__StringsJVMKt
->replace$default(0CA5.java:22)
01110110
--------------------
01:56:59.288 kotlin.text.StringsKt
->J(0CA8.java:8)
01110110
--------------------
01:56:59.288 okhttp3.internal.http2.Http2
-><clinit>(0D21.java:3)
01110110
--------------------
01:56:59.288 okhttp3.internal.http2.Http2
-><clinit>(0D21.java:1)
1110111
--------------------
01:56:59.288 okhttp3.internal.Util
->format(0D08.java:5)
 1110111
--------------------
01:56:59.288 okhttp3.internal.http2.Http2
-><clinit>(0D21.java:2)
 1110111
--------------------
01:56:59.288 kotlin.text.StringsKt__StringsJVMKt
->replace$default(0CA5.java:22)
01110111
--------------------
01:56:59.288 kotlin.text.StringsKt
->J(0CA8.java:8)
01110111
--------------------
01:56:59.288 okhttp3.internal.http2.Http2
-><clinit>(0D21.java:3)
01110111
--------------------
01:56:59.288 okhttp3.internal.http2.Http2
-><clinit>(0D21.java:1)
1111000
--------------------
01:56:59.288 okhttp3.internal.Util
->format(0D08.java:5)
 1111000
--------------------
01:56:59.288 okhttp3.internal.http2.Http2
-><clinit>(0D21.java:2)
 1111000
--------------------
01:56:59.288 kotlin.text.StringsKt__StringsJVMKt
->replace$default(0CA5.java:22)
01111000
--------------------
01:56:59.288 kotlin.text.StringsKt
->J(0CA8.java:8)
01111000
--------------------
01:56:59.288 okhttp3.internal.http2.Http2
-><clinit>(0D21.java:3)
01111000
--------------------
01:56:59.288 okhttp3.internal.http2.Http2
-><clinit>(0D21.java:1)
1111001
--------------------
01:56:59.288 okhttp3.internal.Util
->format(0D08.java:5)
 1111001
--------------------
01:56:59.288 okhttp3.internal.http2.Http2
-><clinit>(0D21.java:2)
 1111001
--------------------
01:56:59.288 kotlin.text.StringsKt__StringsJVMKt
->replace$default(0CA5.java:22)
01111001
--------------------
01:56:59.288 kotlin.text.StringsKt
->J(0CA8.java:8)
01111001
--------------------
01:56:59.288 okhttp3.internal.http2.Http2
-><clinit>(0D21.java:3)
01111001
--------------------
01:56:59.288 okhttp3.internal.http2.Http2
-><clinit>(0D21.java:1)
1111010
--------------------
01:56:59.288 okhttp3.internal.Util
->format(0D08.java:5)
 1111010
--------------------
01:56:59.288 okhttp3.internal.http2.Http2
-><clinit>(0D21.java:2)
 1111010
--------------------
01:56:59.288 kotlin.text.StringsKt__StringsJVMKt
->replace$default(0CA5.java:22)
01111010
--------------------
01:56:59.288 kotlin.text.StringsKt
->J(0CA8.java:8)
01111010
--------------------
01:56:59.288 okhttp3.internal.http2.Http2
-><clinit>(0D21.java:3)
01111010
--------------------
01:56:59.288 okhttp3.internal.http2.Http2
-><clinit>(0D21.java:1)
1111011
--------------------
01:56:59.288 okhttp3.internal.Util
->format(0D08.java:5)
 1111011
--------------------
01:56:59.288 okhttp3.internal.http2.Http2
-><clinit>(0D21.java:2)
 1111011
--------------------
01:56:59.288 kotlin.text.StringsKt__StringsJVMKt
->replace$default(0CA5.java:22)
01111011
--------------------
01:56:59.288 kotlin.text.StringsKt
->J(0CA8.java:8)
01111011
--------------------
01:56:59.288 okhttp3.internal.http2.Http2
-><clinit>(0D21.java:3)
01111011
--------------------
01:56:59.288 okhttp3.internal.http2.Http2
-><clinit>(0D21.java:1)
1111100
--------------------
01:56:59.288 okhttp3.internal.Util
->format(0D08.java:5)
 1111100
--------------------
01:56:59.288 okhttp3.internal.http2.Http2
-><clinit>(0D21.java:2)
 1111100
--------------------
01:56:59.288 kotlin.text.StringsKt__StringsJVMKt
->replace$default(0CA5.java:22)
01111100
--------------------
01:56:59.288 kotlin.text.StringsKt
->J(0CA8.java:8)
01111100
--------------------
01:56:59.288 okhttp3.internal.http2.Http2
-><clinit>(0D21.java:3)
01111100
--------------------
01:56:59.288 okhttp3.internal.http2.Http2
-><clinit>(0D21.java:1)
1111101
--------------------
01:56:59.289 okhttp3.internal.Util
->format(0D08.java:5)
 1111101
--------------------
01:56:59.289 okhttp3.internal.http2.Http2
-><clinit>(0D21.java:2)
 1111101
--------------------
01:56:59.289 kotlin.text.StringsKt__StringsJVMKt
->replace$default(0CA5.java:22)
01111101
--------------------
01:56:59.289 kotlin.text.StringsKt
->J(0CA8.java:8)
01111101
--------------------
01:56:59.289 okhttp3.internal.http2.Http2
-><clinit>(0D21.java:3)
01111101
--------------------
01:56:59.289 okhttp3.internal.http2.Http2
-><clinit>(0D21.java:1)
1111110
--------------------
01:56:59.289 okhttp3.internal.Util
->format(0D08.java:5)
 1111110
--------------------
01:56:59.289 okhttp3.internal.http2.Http2
-><clinit>(0D21.java:2)
 1111110
--------------------
01:56:59.289 kotlin.text.StringsKt__StringsJVMKt
->replace$default(0CA5.java:22)
01111110
--------------------
01:56:59.289 kotlin.text.StringsKt
->J(0CA8.java:8)
01111110
--------------------
01:56:59.289 okhttp3.internal.http2.Http2
-><clinit>(0D21.java:3)
01111110
--------------------
01:56:59.289 okhttp3.internal.http2.Http2
-><clinit>(0D21.java:1)
1111111
--------------------
01:56:59.289 okhttp3.internal.Util
->format(0D08.java:5)
 1111111
--------------------
01:56:59.289 okhttp3.internal.http2.Http2
-><clinit>(0D21.java:2)
 1111111
--------------------
01:56:59.289 kotlin.text.StringsKt__StringsJVMKt
->replace$default(0CA5.java:22)
01111111
--------------------
01:56:59.289 kotlin.text.StringsKt
->J(0CA8.java:8)
01111111
--------------------
01:56:59.289 okhttp3.internal.http2.Http2
-><clinit>(0D21.java:3)
01111111
--------------------
01:56:59.289 okhttp3.internal.http2.Http2
-><clinit>(0D21.java:1)
10000000
--------------------
01:56:59.289 okhttp3.internal.Util
->format(0D08.java:5)
10000000
--------------------
01:56:59.289 okhttp3.internal.http2.Http2
-><clinit>(0D21.java:2)
10000000
--------------------
01:56:59.289 kotlin.text.StringsKt__StringsJVMKt
->replace$default(0CA5.java:22)
10000000
--------------------
01:56:59.289 kotlin.text.StringsKt
->J(0CA8.java:8)
10000000
--------------------
01:56:59.289 okhttp3.internal.http2.Http2
-><clinit>(0D21.java:3)
10000000
--------------------
01:56:59.289 okhttp3.internal.http2.Http2
-><clinit>(0D21.java:1)
10000001
--------------------
01:56:59.289 okhttp3.internal.Util
->format(0D08.java:5)
10000001
--------------------
01:56:59.289 okhttp3.internal.http2.Http2
-><clinit>(0D21.java:2)
10000001
--------------------
01:56:59.289 kotlin.text.StringsKt__StringsJVMKt
->replace$default(0CA5.java:22)
10000001
--------------------
01:56:59.289 kotlin.text.StringsKt
->J(0CA8.java:8)
10000001
--------------------
01:56:59.289 okhttp3.internal.http2.Http2
-><clinit>(0D21.java:3)
10000001
--------------------
01:56:59.289 okhttp3.internal.http2.Http2
-><clinit>(0D21.java:1)
10000010
--------------------
01:56:59.289 okhttp3.internal.Util
->format(0D08.java:5)
10000010
--------------------
01:56:59.289 okhttp3.internal.http2.Http2
-><clinit>(0D21.java:2)
10000010
--------------------
01:56:59.289 kotlin.text.StringsKt__StringsJVMKt
->replace$default(0CA5.java:22)
10000010
--------------------
01:56:59.289 kotlin.text.StringsKt
->J(0CA8.java:8)
10000010
--------------------
01:56:59.289 okhttp3.internal.http2.Http2
-><clinit>(0D21.java:3)
10000010
--------------------
01:56:59.289 okhttp3.internal.http2.Http2
-><clinit>(0D21.java:1)
10000011
--------------------
01:56:59.289 okhttp3.internal.Util
->format(0D08.java:5)
10000011
--------------------
01:56:59.289 okhttp3.internal.http2.Http2
-><clinit>(0D21.java:2)
10000011
--------------------
01:56:59.289 kotlin.text.StringsKt__StringsJVMKt
->replace$default(0CA5.java:22)
10000011
--------------------
01:56:59.289 kotlin.text.StringsKt
->J(0CA8.java:8)
10000011
--------------------
01:56:59.289 okhttp3.internal.http2.Http2
-><clinit>(0D21.java:3)
10000011
--------------------
01:56:59.289 okhttp3.internal.http2.Http2
-><clinit>(0D21.java:1)
10000100
--------------------
01:56:59.289 okhttp3.internal.Util
->format(0D08.java:5)
10000100
--------------------
01:56:59.289 okhttp3.internal.http2.Http2
-><clinit>(0D21.java:2)
10000100
--------------------
01:56:59.289 kotlin.text.StringsKt__StringsJVMKt
->replace$default(0CA5.java:22)
10000100
--------------------
01:56:59.289 kotlin.text.StringsKt
->J(0CA8.java:8)
10000100
--------------------
01:56:59.289 okhttp3.internal.http2.Http2
-><clinit>(0D21.java:3)
10000100
--------------------
01:56:59.289 okhttp3.internal.http2.Http2
-><clinit>(0D21.java:1)
10000101
--------------------
01:56:59.289 okhttp3.internal.Util
->format(0D08.java:5)
10000101
--------------------
01:56:59.289 okhttp3.internal.http2.Http2
-><clinit>(0D21.java:2)
10000101
--------------------
01:56:59.289 kotlin.text.StringsKt__StringsJVMKt
->replace$default(0CA5.java:22)
10000101
--------------------
01:56:59.289 kotlin.text.StringsKt
->J(0CA8.java:8)
10000101
--------------------
01:56:59.289 okhttp3.internal.http2.Http2
-><clinit>(0D21.java:3)
10000101
--------------------
01:56:59.289 okhttp3.internal.http2.Http2
-><clinit>(0D21.java:1)
10000110
--------------------
01:56:59.289 okhttp3.internal.Util
->format(0D08.java:5)
10000110
--------------------
01:56:59.289 okhttp3.internal.http2.Http2
-><clinit>(0D21.java:2)
10000110
--------------------
01:56:59.289 kotlin.text.StringsKt__StringsJVMKt
->replace$default(0CA5.java:22)
10000110
--------------------
01:56:59.289 kotlin.text.StringsKt
->J(0CA8.java:8)
10000110
--------------------
01:56:59.290 okhttp3.internal.http2.Http2
-><clinit>(0D21.java:3)
10000110
--------------------
01:56:59.290 okhttp3.internal.http2.Http2
-><clinit>(0D21.java:1)
10000111
--------------------
01:56:59.290 okhttp3.internal.Util
->format(0D08.java:5)
10000111
--------------------
01:56:59.290 okhttp3.internal.http2.Http2
-><clinit>(0D21.java:2)
10000111
--------------------
01:56:59.290 kotlin.text.StringsKt__StringsJVMKt
->replace$default(0CA5.java:22)
10000111
--------------------
01:56:59.290 kotlin.text.StringsKt
->J(0CA8.java:8)
10000111
--------------------
01:56:59.290 okhttp3.internal.http2.Http2
-><clinit>(0D21.java:3)
10000111
--------------------
01:56:59.290 okhttp3.internal.http2.Http2
-><clinit>(0D21.java:1)
10001000
--------------------
01:56:59.290 okhttp3.internal.Util
->format(0D08.java:5)
10001000
--------------------
01:56:59.290 okhttp3.internal.http2.Http2
-><clinit>(0D21.java:2)
10001000
--------------------
01:56:59.290 kotlin.text.StringsKt__StringsJVMKt
->replace$default(0CA5.java:22)
10001000
--------------------
01:56:59.290 kotlin.text.StringsKt
->J(0CA8.java:8)
10001000
--------------------
01:56:59.290 okhttp3.internal.http2.Http2
-><clinit>(0D21.java:3)
10001000
--------------------
01:56:59.290 okhttp3.internal.http2.Http2
-><clinit>(0D21.java:1)
10001001
--------------------
01:56:59.290 okhttp3.internal.Util
->format(0D08.java:5)
10001001
--------------------
01:56:59.290 okhttp3.internal.http2.Http2
-><clinit>(0D21.java:2)
10001001
--------------------
01:56:59.290 kotlin.text.StringsKt__StringsJVMKt
->replace$default(0CA5.java:22)
10001001
--------------------
01:56:59.290 kotlin.text.StringsKt
->J(0CA8.java:8)
10001001
--------------------
01:56:59.290 okhttp3.internal.http2.Http2
-><clinit>(0D21.java:3)
10001001
--------------------
01:56:59.290 okhttp3.internal.http2.Http2
-><clinit>(0D21.java:1)
10001010
--------------------
01:56:59.290 okhttp3.internal.Util
->format(0D08.java:5)
10001010
--------------------
01:56:59.290 okhttp3.internal.http2.Http2
-><clinit>(0D21.java:2)
10001010
--------------------
01:56:59.290 kotlin.text.StringsKt__StringsJVMKt
->replace$default(0CA5.java:22)
10001010
--------------------
01:56:59.290 kotlin.text.StringsKt
->J(0CA8.java:8)
10001010
--------------------
01:56:59.290 okhttp3.internal.http2.Http2
-><clinit>(0D21.java:3)
10001010
--------------------
01:56:59.290 okhttp3.internal.http2.Http2
-><clinit>(0D21.java:1)
10001011
--------------------
01:56:59.290 okhttp3.internal.Util
->format(0D08.java:5)
10001011
--------------------
01:56:59.290 okhttp3.internal.http2.Http2
-><clinit>(0D21.java:2)
10001011
--------------------
01:56:59.290 kotlin.text.StringsKt__StringsJVMKt
->replace$default(0CA5.java:22)
10001011
--------------------
01:56:59.290 kotlin.text.StringsKt
->J(0CA8.java:8)
10001011
--------------------
01:56:59.290 okhttp3.internal.http2.Http2
-><clinit>(0D21.java:3)
10001011
--------------------
01:56:59.290 okhttp3.internal.http2.Http2
-><clinit>(0D21.java:1)
10001100
--------------------
01:56:59.290 okhttp3.internal.Util
->format(0D08.java:5)
10001100
--------------------
01:56:59.290 okhttp3.internal.http2.Http2
-><clinit>(0D21.java:2)
10001100
--------------------
01:56:59.290 kotlin.text.StringsKt__StringsJVMKt
->replace$default(0CA5.java:22)
10001100
--------------------
01:56:59.290 kotlin.text.StringsKt
->J(0CA8.java:8)
10001100
--------------------
01:56:59.290 okhttp3.internal.http2.Http2
-><clinit>(0D21.java:3)
10001100
--------------------
01:56:59.290 okhttp3.internal.http2.Http2
-><clinit>(0D21.java:1)
10001101
--------------------
01:56:59.290 okhttp3.internal.Util
->format(0D08.java:5)
10001101
--------------------
01:56:59.290 okhttp3.internal.http2.Http2
-><clinit>(0D21.java:2)
10001101
--------------------
01:56:59.290 kotlin.text.StringsKt__StringsJVMKt
->replace$default(0CA5.java:22)
10001101
--------------------
01:56:59.290 kotlin.text.StringsKt
->J(0CA8.java:8)
10001101
--------------------
01:56:59.290 okhttp3.internal.http2.Http2
-><clinit>(0D21.java:3)
10001101
--------------------
01:56:59.290 okhttp3.internal.http2.Http2
-><clinit>(0D21.java:1)
10001110
--------------------
01:56:59.290 okhttp3.internal.Util
->format(0D08.java:5)
10001110
--------------------
01:56:59.290 okhttp3.internal.http2.Http2
-><clinit>(0D21.java:2)
10001110
--------------------
01:56:59.290 kotlin.text.StringsKt__StringsJVMKt
->replace$default(0CA5.java:22)
10001110
--------------------
01:56:59.290 kotlin.text.StringsKt
->J(0CA8.java:8)
10001110
--------------------
01:56:59.290 okhttp3.internal.http2.Http2
-><clinit>(0D21.java:3)
10001110
--------------------
01:56:59.290 okhttp3.internal.http2.Http2
-><clinit>(0D21.java:1)
10001111
--------------------
01:56:59.291 okhttp3.internal.Util
->format(0D08.java:5)
10001111
--------------------
01:56:59.291 okhttp3.internal.http2.Http2
-><clinit>(0D21.java:2)
10001111
--------------------
01:56:59.291 kotlin.text.StringsKt__StringsJVMKt
->replace$default(0CA5.java:22)
10001111
--------------------
01:56:59.291 kotlin.text.StringsKt
->J(0CA8.java:8)
10001111
--------------------
01:56:59.291 okhttp3.internal.http2.Http2
-><clinit>(0D21.java:3)
10001111
--------------------
01:56:59.291 okhttp3.internal.http2.Http2
-><clinit>(0D21.java:1)
10010000
--------------------
01:56:59.291 okhttp3.internal.Util
->format(0D08.java:5)
10010000
--------------------
01:56:59.291 okhttp3.internal.http2.Http2
-><clinit>(0D21.java:2)
10010000
--------------------
01:56:59.291 kotlin.text.StringsKt__StringsJVMKt
->replace$default(0CA5.java:22)
10010000
--------------------
01:56:59.291 kotlin.text.StringsKt
->J(0CA8.java:8)
10010000
--------------------
01:56:59.291 okhttp3.internal.http2.Http2
-><clinit>(0D21.java:3)
10010000
--------------------
01:56:59.291 okhttp3.internal.http2.Http2
-><clinit>(0D21.java:1)
10010001
--------------------
01:56:59.291 okhttp3.internal.Util
->format(0D08.java:5)
10010001
--------------------
01:56:59.291 okhttp3.internal.http2.Http2
-><clinit>(0D21.java:2)
10010001
--------------------
01:56:59.291 kotlin.text.StringsKt__StringsJVMKt
->replace$default(0CA5.java:22)
10010001
--------------------
01:56:59.291 kotlin.text.StringsKt
->J(0CA8.java:8)
10010001
--------------------
01:56:59.291 okhttp3.internal.http2.Http2
-><clinit>(0D21.java:3)
10010001
--------------------
01:56:59.291 okhttp3.internal.http2.Http2
-><clinit>(0D21.java:1)
10010010
--------------------
01:56:59.291 okhttp3.internal.Util
->format(0D08.java:5)
10010010
--------------------
01:56:59.291 okhttp3.internal.http2.Http2
-><clinit>(0D21.java:2)
10010010
--------------------
01:56:59.291 kotlin.text.StringsKt__StringsJVMKt
->replace$default(0CA5.java:22)
10010010
--------------------
01:56:59.291 kotlin.text.StringsKt
->J(0CA8.java:8)
10010010
--------------------
01:56:59.291 okhttp3.internal.http2.Http2
-><clinit>(0D21.java:3)
10010010
--------------------
01:56:59.291 okhttp3.internal.http2.Http2
-><clinit>(0D21.java:1)
10010011
--------------------
01:56:59.291 okhttp3.internal.Util
->format(0D08.java:5)
10010011
--------------------
01:56:59.291 okhttp3.internal.http2.Http2
-><clinit>(0D21.java:2)
10010011
--------------------
01:56:59.291 kotlin.text.StringsKt__StringsJVMKt
->replace$default(0CA5.java:22)
10010011
--------------------
01:56:59.291 kotlin.text.StringsKt
->J(0CA8.java:8)
10010011
--------------------
01:56:59.291 okhttp3.internal.http2.Http2
-><clinit>(0D21.java:3)
10010011
--------------------
01:56:59.291 okhttp3.internal.http2.Http2
-><clinit>(0D21.java:1)
10010100
--------------------
01:56:59.291 okhttp3.internal.Util
->format(0D08.java:5)
10010100
--------------------
01:56:59.291 okhttp3.internal.http2.Http2
-><clinit>(0D21.java:2)
10010100
--------------------
01:56:59.291 kotlin.text.StringsKt__StringsJVMKt
->replace$default(0CA5.java:22)
10010100
--------------------
01:56:59.291 kotlin.text.StringsKt
->J(0CA8.java:8)
10010100
--------------------
01:56:59.291 okhttp3.internal.http2.Http2
-><clinit>(0D21.java:3)
10010100
--------------------
01:56:59.291 okhttp3.internal.http2.Http2
-><clinit>(0D21.java:1)
10010101
--------------------
01:56:59.291 okhttp3.internal.Util
->format(0D08.java:5)
10010101
--------------------
01:56:59.291 okhttp3.internal.http2.Http2
-><clinit>(0D21.java:2)
10010101
--------------------
01:56:59.291 kotlin.text.StringsKt__StringsJVMKt
->replace$default(0CA5.java:22)
10010101
--------------------
01:56:59.291 kotlin.text.StringsKt
->J(0CA8.java:8)
10010101
--------------------
01:56:59.291 okhttp3.internal.http2.Http2
-><clinit>(0D21.java:3)
10010101
--------------------
01:56:59.291 okhttp3.internal.http2.Http2
-><clinit>(0D21.java:1)
10010110
--------------------
01:56:59.291 okhttp3.internal.Util
->format(0D08.java:5)
10010110
--------------------
01:56:59.291 okhttp3.internal.http2.Http2
-><clinit>(0D21.java:2)
10010110
--------------------
01:56:59.291 kotlin.text.StringsKt__StringsJVMKt
->replace$default(0CA5.java:22)
10010110
--------------------
01:56:59.291 kotlin.text.StringsKt
->J(0CA8.java:8)
10010110
--------------------
01:56:59.291 okhttp3.internal.http2.Http2
-><clinit>(0D21.java:3)
10010110
--------------------
01:56:59.291 okhttp3.internal.http2.Http2
-><clinit>(0D21.java:1)
10010111
--------------------
01:56:59.291 okhttp3.internal.Util
->format(0D08.java:5)
10010111
--------------------
01:56:59.291 okhttp3.internal.http2.Http2
-><clinit>(0D21.java:2)
10010111
--------------------
01:56:59.292 kotlin.text.StringsKt__StringsJVMKt
->replace$default(0CA5.java:22)
10010111
--------------------
01:56:59.292 kotlin.text.StringsKt
->J(0CA8.java:8)
10010111
--------------------
01:56:59.292 okhttp3.internal.http2.Http2
-><clinit>(0D21.java:3)
10010111
--------------------
01:56:59.292 okhttp3.internal.http2.Http2
-><clinit>(0D21.java:1)
10011000
--------------------
01:56:59.292 okhttp3.internal.Util
->format(0D08.java:5)
10011000
--------------------
01:56:59.292 okhttp3.internal.http2.Http2
-><clinit>(0D21.java:2)
10011000
--------------------
01:56:59.292 kotlin.text.StringsKt__StringsJVMKt
->replace$default(0CA5.java:22)
10011000
--------------------
01:56:59.292 kotlin.text.StringsKt
->J(0CA8.java:8)
10011000
--------------------
01:56:59.292 okhttp3.internal.http2.Http2
-><clinit>(0D21.java:3)
10011000
--------------------
01:56:59.292 okhttp3.internal.http2.Http2
-><clinit>(0D21.java:1)
10011001
--------------------
01:56:59.292 okhttp3.internal.Util
->format(0D08.java:5)
10011001
--------------------
01:56:59.292 okhttp3.internal.http2.Http2
-><clinit>(0D21.java:2)
10011001
--------------------
01:56:59.292 kotlin.text.StringsKt__StringsJVMKt
->replace$default(0CA5.java:22)
10011001
--------------------
01:56:59.292 kotlin.text.StringsKt
->J(0CA8.java:8)
10011001
--------------------
01:56:59.292 okhttp3.internal.http2.Http2
-><clinit>(0D21.java:3)
10011001
--------------------
01:56:59.292 okhttp3.internal.http2.Http2
-><clinit>(0D21.java:1)
10011010
--------------------
01:56:59.292 okhttp3.internal.Util
->format(0D08.java:5)
10011010
--------------------
01:56:59.292 okhttp3.internal.http2.Http2
-><clinit>(0D21.java:2)
10011010
--------------------
01:56:59.292 kotlin.text.StringsKt__StringsJVMKt
->replace$default(0CA5.java:22)
10011010
--------------------
01:56:59.292 kotlin.text.StringsKt
->J(0CA8.java:8)
10011010
--------------------
01:56:59.292 okhttp3.internal.http2.Http2
-><clinit>(0D21.java:3)
10011010
--------------------
01:56:59.292 okhttp3.internal.http2.Http2
-><clinit>(0D21.java:1)
10011011
--------------------
01:56:59.292 okhttp3.internal.Util
->format(0D08.java:5)
10011011
--------------------
01:56:59.292 okhttp3.internal.http2.Http2
-><clinit>(0D21.java:2)
10011011
--------------------
01:56:59.292 kotlin.text.StringsKt__StringsJVMKt
->replace$default(0CA5.java:22)
10011011
--------------------
01:56:59.292 kotlin.text.StringsKt
->J(0CA8.java:8)
10011011
--------------------
01:56:59.292 okhttp3.internal.http2.Http2
-><clinit>(0D21.java:3)
10011011
--------------------
01:56:59.292 okhttp3.internal.http2.Http2
-><clinit>(0D21.java:1)
10011100
--------------------
01:56:59.292 okhttp3.internal.Util
->format(0D08.java:5)
10011100
--------------------
01:56:59.292 okhttp3.internal.http2.Http2
-><clinit>(0D21.java:2)
10011100
--------------------
01:56:59.292 kotlin.text.StringsKt__StringsJVMKt
->replace$default(0CA5.java:22)
10011100
--------------------
01:56:59.292 kotlin.text.StringsKt
->J(0CA8.java:8)
10011100
--------------------
01:56:59.292 okhttp3.internal.http2.Http2
-><clinit>(0D21.java:3)
10011100
--------------------
01:56:59.292 okhttp3.internal.http2.Http2
-><clinit>(0D21.java:1)
10011101
--------------------
01:56:59.292 okhttp3.internal.Util
->format(0D08.java:5)
10011101
--------------------
01:56:59.292 okhttp3.internal.http2.Http2
-><clinit>(0D21.java:2)
10011101
--------------------
01:56:59.292 kotlin.text.StringsKt__StringsJVMKt
->replace$default(0CA5.java:22)
10011101
--------------------
01:56:59.292 kotlin.text.StringsKt
->J(0CA8.java:8)
10011101
--------------------
01:56:59.292 okhttp3.internal.http2.Http2
-><clinit>(0D21.java:3)
10011101
--------------------
01:56:59.292 okhttp3.internal.http2.Http2
-><clinit>(0D21.java:1)
10011110
--------------------
01:56:59.292 okhttp3.internal.Util
->format(0D08.java:5)
10011110
--------------------
01:56:59.292 okhttp3.internal.http2.Http2
-><clinit>(0D21.java:2)
10011110
--------------------
01:56:59.292 kotlin.text.StringsKt__StringsJVMKt
->replace$default(0CA5.java:22)
10011110
--------------------
01:56:59.292 kotlin.text.StringsKt
->J(0CA8.java:8)
10011110
--------------------
01:56:59.292 okhttp3.internal.http2.Http2
-><clinit>(0D21.java:3)
10011110
--------------------
01:56:59.292 okhttp3.internal.http2.Http2
-><clinit>(0D21.java:1)
10011111
--------------------
01:56:59.292 okhttp3.internal.Util
->format(0D08.java:5)
10011111
--------------------
01:56:59.293 okhttp3.internal.http2.Http2
-><clinit>(0D21.java:2)
10011111
--------------------
01:56:59.293 kotlin.text.StringsKt__StringsJVMKt
->replace$default(0CA5.java:22)
10011111
--------------------
01:56:59.293 kotlin.text.StringsKt
->J(0CA8.java:8)
10011111
--------------------
01:56:59.293 okhttp3.internal.http2.Http2
-><clinit>(0D21.java:3)
10011111
--------------------
01:56:59.293 okhttp3.internal.http2.Http2
-><clinit>(0D21.java:1)
10100000
--------------------
01:56:59.293 okhttp3.internal.Util
->format(0D08.java:5)
10100000
--------------------
01:56:59.293 okhttp3.internal.http2.Http2
-><clinit>(0D21.java:2)
10100000
--------------------
01:56:59.293 kotlin.text.StringsKt__StringsJVMKt
->replace$default(0CA5.java:22)
10100000
--------------------
01:56:59.293 kotlin.text.StringsKt
->J(0CA8.java:8)
10100000
--------------------
01:56:59.293 okhttp3.internal.http2.Http2
-><clinit>(0D21.java:3)
10100000
--------------------
01:56:59.293 okhttp3.internal.http2.Http2
-><clinit>(0D21.java:1)
10100001
--------------------
01:56:59.293 okhttp3.internal.Util
->format(0D08.java:5)
10100001
--------------------
01:56:59.293 okhttp3.internal.http2.Http2
-><clinit>(0D21.java:2)
10100001
--------------------
01:56:59.293 kotlin.text.StringsKt__StringsJVMKt
->replace$default(0CA5.java:22)
10100001
--------------------
01:56:59.293 kotlin.text.StringsKt
->J(0CA8.java:8)
10100001
--------------------
01:56:59.293 okhttp3.internal.http2.Http2
-><clinit>(0D21.java:3)
10100001
--------------------
01:56:59.293 okhttp3.internal.http2.Http2
-><clinit>(0D21.java:1)
10100010
--------------------
01:56:59.293 okhttp3.internal.Util
->format(0D08.java:5)
10100010
--------------------
01:56:59.293 okhttp3.internal.http2.Http2
-><clinit>(0D21.java:2)
10100010
--------------------
01:56:59.293 kotlin.text.StringsKt__StringsJVMKt
->replace$default(0CA5.java:22)
10100010
--------------------
01:56:59.293 kotlin.text.StringsKt
->J(0CA8.java:8)
10100010
--------------------
01:56:59.293 okhttp3.internal.http2.Http2
-><clinit>(0D21.java:3)
10100010
--------------------
01:56:59.293 okhttp3.internal.http2.Http2
-><clinit>(0D21.java:1)
10100011
--------------------
01:56:59.293 okhttp3.internal.Util
->format(0D08.java:5)
10100011
--------------------
01:56:59.293 okhttp3.internal.http2.Http2
-><clinit>(0D21.java:2)
10100011
--------------------
01:56:59.293 kotlin.text.StringsKt__StringsJVMKt
->replace$default(0CA5.java:22)
10100011
--------------------
01:56:59.293 kotlin.text.StringsKt
->J(0CA8.java:8)
10100011
--------------------
01:56:59.293 okhttp3.internal.http2.Http2
-><clinit>(0D21.java:3)
10100011
--------------------
01:56:59.293 okhttp3.internal.http2.Http2
-><clinit>(0D21.java:1)
10100100
--------------------
01:56:59.293 okhttp3.internal.Util
->format(0D08.java:5)
10100100
--------------------
01:56:59.293 okhttp3.internal.http2.Http2
-><clinit>(0D21.java:2)
10100100
--------------------
01:56:59.293 kotlin.text.StringsKt__StringsJVMKt
->replace$default(0CA5.java:22)
10100100
--------------------
01:56:59.293 kotlin.text.StringsKt
->J(0CA8.java:8)
10100100
--------------------
01:56:59.293 okhttp3.internal.http2.Http2
-><clinit>(0D21.java:3)
10100100
--------------------
01:56:59.293 okhttp3.internal.http2.Http2
-><clinit>(0D21.java:1)
10100101
--------------------
01:56:59.293 okhttp3.internal.Util
->format(0D08.java:5)
10100101
--------------------
01:56:59.293 okhttp3.internal.http2.Http2
-><clinit>(0D21.java:2)
10100101
--------------------
01:56:59.293 kotlin.text.StringsKt__StringsJVMKt
->replace$default(0CA5.java:22)
10100101
--------------------
01:56:59.293 kotlin.text.StringsKt
->J(0CA8.java:8)
10100101
--------------------
01:56:59.293 okhttp3.internal.http2.Http2
-><clinit>(0D21.java:3)
10100101
--------------------
01:56:59.293 okhttp3.internal.http2.Http2
-><clinit>(0D21.java:1)
10100110
--------------------
01:56:59.293 okhttp3.internal.Util
->format(0D08.java:5)
10100110
--------------------
01:56:59.293 okhttp3.internal.http2.Http2
-><clinit>(0D21.java:2)
10100110
--------------------
01:56:59.293 kotlin.text.StringsKt__StringsJVMKt
->replace$default(0CA5.java:22)
10100110
--------------------
01:56:59.293 kotlin.text.StringsKt
->J(0CA8.java:8)
10100110
--------------------
01:56:59.294 okhttp3.internal.http2.Http2
-><clinit>(0D21.java:3)
10100110
--------------------
01:56:59.294 okhttp3.internal.http2.Http2
-><clinit>(0D21.java:1)
10100111
--------------------
01:56:59.294 okhttp3.internal.Util
->format(0D08.java:5)
10100111
--------------------
01:56:59.294 okhttp3.internal.http2.Http2
-><clinit>(0D21.java:2)
10100111
--------------------
01:56:59.294 kotlin.text.StringsKt__StringsJVMKt
->replace$default(0CA5.java:22)
10100111
--------------------
01:56:59.294 kotlin.text.StringsKt
->J(0CA8.java:8)
10100111
--------------------
01:56:59.294 okhttp3.internal.http2.Http2
-><clinit>(0D21.java:3)
10100111
--------------------
01:56:59.294 okhttp3.internal.http2.Http2
-><clinit>(0D21.java:1)
10101000
--------------------
01:56:59.294 okhttp3.internal.Util
->format(0D08.java:5)
10101000
--------------------
01:56:59.294 okhttp3.internal.http2.Http2
-><clinit>(0D21.java:2)
10101000
--------------------
01:56:59.294 kotlin.text.StringsKt__StringsJVMKt
->replace$default(0CA5.java:22)
10101000
--------------------
01:56:59.294 kotlin.text.StringsKt
->J(0CA8.java:8)
10101000
--------------------
01:56:59.294 okhttp3.internal.http2.Http2
-><clinit>(0D21.java:3)
10101000
--------------------
01:56:59.294 okhttp3.internal.http2.Http2
-><clinit>(0D21.java:1)
10101001
--------------------
01:56:59.294 okhttp3.internal.Util
->format(0D08.java:5)
10101001
--------------------
01:56:59.294 okhttp3.internal.http2.Http2
-><clinit>(0D21.java:2)
10101001
--------------------
01:56:59.294 kotlin.text.StringsKt__StringsJVMKt
->replace$default(0CA5.java:22)
10101001
--------------------
01:56:59.294 kotlin.text.StringsKt
->J(0CA8.java:8)
10101001
--------------------
01:56:59.294 okhttp3.internal.http2.Http2
-><clinit>(0D21.java:3)
10101001
--------------------
01:56:59.294 okhttp3.internal.http2.Http2
-><clinit>(0D21.java:1)
10101010
--------------------
01:56:59.294 okhttp3.internal.Util
->format(0D08.java:5)
10101010
--------------------
01:56:59.294 okhttp3.internal.http2.Http2
-><clinit>(0D21.java:2)
10101010
--------------------
01:56:59.294 kotlin.text.StringsKt__StringsJVMKt
->replace$default(0CA5.java:22)
10101010
--------------------
01:56:59.294 kotlin.text.StringsKt
->J(0CA8.java:8)
10101010
--------------------
01:56:59.294 okhttp3.internal.http2.Http2
-><clinit>(0D21.java:3)
10101010
--------------------
01:56:59.294 okhttp3.internal.http2.Http2
-><clinit>(0D21.java:1)
10101011
--------------------
01:56:59.294 okhttp3.internal.Util
->format(0D08.java:5)
10101011
--------------------
01:56:59.294 okhttp3.internal.http2.Http2
-><clinit>(0D21.java:2)
10101011
--------------------
01:56:59.294 kotlin.text.StringsKt__StringsJVMKt
->replace$default(0CA5.java:22)
10101011
--------------------
01:56:59.294 kotlin.text.StringsKt
->J(0CA8.java:8)
10101011
--------------------
01:56:59.294 okhttp3.internal.http2.Http2
-><clinit>(0D21.java:3)
10101011
--------------------
01:56:59.294 okhttp3.internal.http2.Http2
-><clinit>(0D21.java:1)
10101100
--------------------
01:56:59.294 okhttp3.internal.Util
->format(0D08.java:5)
10101100
--------------------
01:56:59.294 okhttp3.internal.http2.Http2
-><clinit>(0D21.java:2)
10101100
--------------------
01:56:59.294 kotlin.text.StringsKt__StringsJVMKt
->replace$default(0CA5.java:22)
10101100
--------------------
01:56:59.294 kotlin.text.StringsKt
->J(0CA8.java:8)
10101100
--------------------
01:56:59.294 okhttp3.internal.http2.Http2
-><clinit>(0D21.java:3)
10101100
--------------------
01:56:59.294 okhttp3.internal.http2.Http2
-><clinit>(0D21.java:1)
10101101
--------------------
01:56:59.294 okhttp3.internal.Util
->format(0D08.java:5)
10101101
--------------------
01:56:59.294 okhttp3.internal.http2.Http2
-><clinit>(0D21.java:2)
10101101
--------------------
01:56:59.294 kotlin.text.StringsKt__StringsJVMKt
->replace$default(0CA5.java:22)
10101101
--------------------
01:56:59.294 kotlin.text.StringsKt
->J(0CA8.java:8)
10101101
--------------------
01:56:59.294 okhttp3.internal.http2.Http2
-><clinit>(0D21.java:3)
10101101
--------------------
01:56:59.294 okhttp3.internal.http2.Http2
-><clinit>(0D21.java:1)
10101110
--------------------
01:56:59.294 okhttp3.internal.Util
->format(0D08.java:5)
10101110
--------------------
01:56:59.294 okhttp3.internal.http2.Http2
-><clinit>(0D21.java:2)
10101110
--------------------
01:56:59.294 kotlin.text.StringsKt__StringsJVMKt
->replace$default(0CA5.java:22)
10101110
--------------------
01:56:59.294 kotlin.text.StringsKt
->J(0CA8.java:8)
10101110
--------------------
01:56:59.294 okhttp3.internal.http2.Http2
-><clinit>(0D21.java:3)
10101110
--------------------
01:56:59.294 okhttp3.internal.http2.Http2
-><clinit>(0D21.java:1)
10101111
--------------------
01:56:59.295 okhttp3.internal.Util
->format(0D08.java:5)
10101111
--------------------
01:56:59.295 okhttp3.internal.http2.Http2
-><clinit>(0D21.java:2)
10101111
--------------------
01:56:59.295 kotlin.text.StringsKt__StringsJVMKt
->replace$default(0CA5.java:22)
10101111
--------------------
01:56:59.295 kotlin.text.StringsKt
->J(0CA8.java:8)
10101111
--------------------
01:56:59.295 okhttp3.internal.http2.Http2
-><clinit>(0D21.java:3)
10101111
--------------------
01:56:59.295 okhttp3.internal.http2.Http2
-><clinit>(0D21.java:1)
10110000
--------------------
01:56:59.295 okhttp3.internal.Util
->format(0D08.java:5)
10110000
--------------------
01:56:59.295 okhttp3.internal.http2.Http2
-><clinit>(0D21.java:2)
10110000
--------------------
01:56:59.295 kotlin.text.StringsKt__StringsJVMKt
->replace$default(0CA5.java:22)
10110000
--------------------
01:56:59.295 kotlin.text.StringsKt
->J(0CA8.java:8)
10110000
--------------------
01:56:59.295 okhttp3.internal.http2.Http2
-><clinit>(0D21.java:3)
10110000
--------------------
01:56:59.295 okhttp3.internal.http2.Http2
-><clinit>(0D21.java:1)
10110001
--------------------
01:56:59.295 okhttp3.internal.Util
->format(0D08.java:5)
10110001
--------------------
01:56:59.295 okhttp3.internal.http2.Http2
-><clinit>(0D21.java:2)
10110001
--------------------
01:56:59.295 kotlin.text.StringsKt__StringsJVMKt
->replace$default(0CA5.java:22)
10110001
--------------------
01:56:59.295 kotlin.text.StringsKt
->J(0CA8.java:8)
10110001
--------------------
01:56:59.295 okhttp3.internal.http2.Http2
-><clinit>(0D21.java:3)
10110001
--------------------
01:56:59.295 okhttp3.internal.http2.Http2
-><clinit>(0D21.java:1)
10110010
--------------------
01:56:59.295 okhttp3.internal.Util
->format(0D08.java:5)
10110010
--------------------
01:56:59.295 okhttp3.internal.http2.Http2
-><clinit>(0D21.java:2)
10110010
--------------------
01:56:59.295 kotlin.text.StringsKt__StringsJVMKt
->replace$default(0CA5.java:22)
10110010
--------------------
01:56:59.295 kotlin.text.StringsKt
->J(0CA8.java:8)
10110010
--------------------
01:56:59.295 okhttp3.internal.http2.Http2
-><clinit>(0D21.java:3)
10110010
--------------------
01:56:59.295 okhttp3.internal.http2.Http2
-><clinit>(0D21.java:1)
10110011
--------------------
01:56:59.295 okhttp3.internal.Util
->format(0D08.java:5)
10110011
--------------------
01:56:59.295 okhttp3.internal.http2.Http2
-><clinit>(0D21.java:2)
10110011
--------------------
01:56:59.295 kotlin.text.StringsKt__StringsJVMKt
->replace$default(0CA5.java:22)
10110011
--------------------
01:56:59.295 kotlin.text.StringsKt
->J(0CA8.java:8)
10110011
--------------------
01:56:59.295 okhttp3.internal.http2.Http2
-><clinit>(0D21.java:3)
10110011
--------------------
01:56:59.295 okhttp3.internal.http2.Http2
-><clinit>(0D21.java:1)
10110100
--------------------
01:56:59.295 okhttp3.internal.Util
->format(0D08.java:5)
10110100
--------------------
01:56:59.295 okhttp3.internal.http2.Http2
-><clinit>(0D21.java:2)
10110100
--------------------
01:56:59.295 kotlin.text.StringsKt__StringsJVMKt
->replace$default(0CA5.java:22)
10110100
--------------------
01:56:59.295 kotlin.text.StringsKt
->J(0CA8.java:8)
10110100
--------------------
01:56:59.295 okhttp3.internal.http2.Http2
-><clinit>(0D21.java:3)
10110100
--------------------
01:56:59.295 okhttp3.internal.http2.Http2
-><clinit>(0D21.java:1)
10110101
--------------------
01:56:59.295 okhttp3.internal.Util
->format(0D08.java:5)
10110101
--------------------
01:56:59.295 okhttp3.internal.http2.Http2
-><clinit>(0D21.java:2)
10110101
--------------------
01:56:59.295 kotlin.text.StringsKt__StringsJVMKt
->replace$default(0CA5.java:22)
10110101
--------------------
01:56:59.295 kotlin.text.StringsKt
->J(0CA8.java:8)
10110101
--------------------
01:56:59.295 okhttp3.internal.http2.Http2
-><clinit>(0D21.java:3)
10110101
--------------------
01:56:59.295 okhttp3.internal.http2.Http2
-><clinit>(0D21.java:1)
10110110
--------------------
01:56:59.296 okhttp3.internal.Util
->format(0D08.java:5)
10110110
--------------------
01:56:59.296 okhttp3.internal.http2.Http2
-><clinit>(0D21.java:2)
10110110
--------------------
01:56:59.296 kotlin.text.StringsKt__StringsJVMKt
->replace$default(0CA5.java:22)
10110110
--------------------
01:56:59.296 kotlin.text.StringsKt
->J(0CA8.java:8)
10110110
--------------------
01:56:59.296 okhttp3.internal.http2.Http2
-><clinit>(0D21.java:3)
10110110
--------------------
01:56:59.296 okhttp3.internal.http2.Http2
-><clinit>(0D21.java:1)
10110111
--------------------
01:56:59.296 okhttp3.internal.Util
->format(0D08.java:5)
10110111
--------------------
01:56:59.296 okhttp3.internal.http2.Http2
-><clinit>(0D21.java:2)
10110111
--------------------
01:56:59.296 kotlin.text.StringsKt__StringsJVMKt
->replace$default(0CA5.java:22)
10110111
--------------------
01:56:59.296 kotlin.text.StringsKt
->J(0CA8.java:8)
10110111
--------------------
01:56:59.296 okhttp3.internal.http2.Http2
-><clinit>(0D21.java:3)
10110111
--------------------
01:56:59.296 okhttp3.internal.http2.Http2
-><clinit>(0D21.java:1)
10111000
--------------------
01:56:59.296 okhttp3.internal.Util
->format(0D08.java:5)
10111000
--------------------
01:56:59.296 okhttp3.internal.http2.Http2
-><clinit>(0D21.java:2)
10111000
--------------------
01:56:59.296 kotlin.text.StringsKt__StringsJVMKt
->replace$default(0CA5.java:22)
10111000
--------------------
01:56:59.296 kotlin.text.StringsKt
->J(0CA8.java:8)
10111000
--------------------
01:56:59.296 okhttp3.internal.http2.Http2
-><clinit>(0D21.java:3)
10111000
--------------------
01:56:59.296 okhttp3.internal.http2.Http2
-><clinit>(0D21.java:1)
10111001
--------------------
01:56:59.296 okhttp3.internal.Util
->format(0D08.java:5)
10111001
--------------------
01:56:59.296 okhttp3.internal.http2.Http2
-><clinit>(0D21.java:2)
10111001
--------------------
01:56:59.296 kotlin.text.StringsKt__StringsJVMKt
->replace$default(0CA5.java:22)
10111001
--------------------
01:56:59.296 kotlin.text.StringsKt
->J(0CA8.java:8)
10111001
--------------------
01:56:59.296 okhttp3.internal.http2.Http2
-><clinit>(0D21.java:3)
10111001
--------------------
01:56:59.296 okhttp3.internal.http2.Http2
-><clinit>(0D21.java:1)
10111010
--------------------
01:56:59.296 okhttp3.internal.Util
->format(0D08.java:5)
10111010
--------------------
01:56:59.296 okhttp3.internal.http2.Http2
-><clinit>(0D21.java:2)
10111010
--------------------
01:56:59.296 kotlin.text.StringsKt__StringsJVMKt
->replace$default(0CA5.java:22)
10111010
--------------------
01:56:59.296 kotlin.text.StringsKt
->J(0CA8.java:8)
10111010
--------------------
01:56:59.296 okhttp3.internal.http2.Http2
-><clinit>(0D21.java:3)
10111010
--------------------
01:56:59.296 okhttp3.internal.http2.Http2
-><clinit>(0D21.java:1)
10111011
--------------------
01:56:59.296 okhttp3.internal.Util
->format(0D08.java:5)
10111011
--------------------
01:56:59.296 okhttp3.internal.http2.Http2
-><clinit>(0D21.java:2)
10111011
--------------------
01:56:59.296 kotlin.text.StringsKt__StringsJVMKt
->replace$default(0CA5.java:22)
10111011
--------------------
01:56:59.296 kotlin.text.StringsKt
->J(0CA8.java:8)
10111011
--------------------
01:56:59.296 okhttp3.internal.http2.Http2
-><clinit>(0D21.java:3)
10111011
--------------------
01:56:59.296 okhttp3.internal.http2.Http2
-><clinit>(0D21.java:1)
10111100
--------------------
01:56:59.296 okhttp3.internal.Util
->format(0D08.java:5)
10111100
--------------------
01:56:59.296 okhttp3.internal.http2.Http2
-><clinit>(0D21.java:2)
10111100
--------------------
01:56:59.296 kotlin.text.StringsKt__StringsJVMKt
->replace$default(0CA5.java:22)
10111100
--------------------
01:56:59.296 kotlin.text.StringsKt
->J(0CA8.java:8)
10111100
--------------------
01:56:59.296 okhttp3.internal.http2.Http2
-><clinit>(0D21.java:3)
10111100
--------------------
01:56:59.296 okhttp3.internal.http2.Http2
-><clinit>(0D21.java:1)
10111101
--------------------
01:56:59.296 okhttp3.internal.Util
->format(0D08.java:5)
10111101
--------------------
01:56:59.296 okhttp3.internal.http2.Http2
-><clinit>(0D21.java:2)
10111101
--------------------
01:56:59.296 kotlin.text.StringsKt__StringsJVMKt
->replace$default(0CA5.java:22)
10111101
--------------------
01:56:59.297 kotlin.text.StringsKt
->J(0CA8.java:8)
10111101
--------------------
01:56:59.297 okhttp3.internal.http2.Http2
-><clinit>(0D21.java:3)
10111101
--------------------
01:56:59.297 okhttp3.internal.http2.Http2
-><clinit>(0D21.java:1)
10111110
--------------------
01:56:59.297 okhttp3.internal.Util
->format(0D08.java:5)
10111110
--------------------
01:56:59.297 okhttp3.internal.http2.Http2
-><clinit>(0D21.java:2)
10111110
--------------------
01:56:59.297 kotlin.text.StringsKt__StringsJVMKt
->replace$default(0CA5.java:22)
10111110
--------------------
01:56:59.297 kotlin.text.StringsKt
->J(0CA8.java:8)
10111110
--------------------
01:56:59.297 okhttp3.internal.http2.Http2
-><clinit>(0D21.java:3)
10111110
--------------------
01:56:59.297 okhttp3.internal.http2.Http2
-><clinit>(0D21.java:1)
10111111
--------------------
01:56:59.297 okhttp3.internal.Util
->format(0D08.java:5)
10111111
--------------------
01:56:59.297 okhttp3.internal.http2.Http2
-><clinit>(0D21.java:2)
10111111
--------------------
01:56:59.297 kotlin.text.StringsKt__StringsJVMKt
->replace$default(0CA5.java:22)
10111111
--------------------
01:56:59.297 kotlin.text.StringsKt
->J(0CA8.java:8)
10111111
--------------------
01:56:59.297 okhttp3.internal.http2.Http2
-><clinit>(0D21.java:3)
10111111
--------------------
01:56:59.297 okhttp3.internal.http2.Http2
-><clinit>(0D21.java:1)
11000000
--------------------
01:56:59.297 okhttp3.internal.Util
->format(0D08.java:5)
11000000
--------------------
01:56:59.297 okhttp3.internal.http2.Http2
-><clinit>(0D21.java:2)
11000000
--------------------
01:56:59.297 kotlin.text.StringsKt__StringsJVMKt
->replace$default(0CA5.java:22)
11000000
--------------------
01:56:59.297 kotlin.text.StringsKt
->J(0CA8.java:8)
11000000
--------------------
01:56:59.297 okhttp3.internal.http2.Http2
-><clinit>(0D21.java:3)
11000000
--------------------
01:56:59.297 okhttp3.internal.http2.Http2
-><clinit>(0D21.java:1)
11000001
--------------------
01:56:59.297 okhttp3.internal.Util
->format(0D08.java:5)
11000001
--------------------
01:56:59.297 okhttp3.internal.http2.Http2
-><clinit>(0D21.java:2)
11000001
--------------------
01:56:59.297 kotlin.text.StringsKt__StringsJVMKt
->replace$default(0CA5.java:22)
11000001
--------------------
01:56:59.297 kotlin.text.StringsKt
->J(0CA8.java:8)
11000001
--------------------
01:56:59.297 okhttp3.internal.http2.Http2
-><clinit>(0D21.java:3)
11000001
--------------------
01:56:59.297 okhttp3.internal.http2.Http2
-><clinit>(0D21.java:1)
11000010
--------------------
01:56:59.297 okhttp3.internal.Util
->format(0D08.java:5)
11000010
--------------------
01:56:59.297 okhttp3.internal.http2.Http2
-><clinit>(0D21.java:2)
11000010
--------------------
01:56:59.297 kotlin.text.StringsKt__StringsJVMKt
->replace$default(0CA5.java:22)
11000010
--------------------
01:56:59.297 kotlin.text.StringsKt
->J(0CA8.java:8)
11000010
--------------------
01:56:59.297 okhttp3.internal.http2.Http2
-><clinit>(0D21.java:3)
11000010
--------------------
01:56:59.297 okhttp3.internal.http2.Http2
-><clinit>(0D21.java:1)
11000011
--------------------
01:56:59.297 okhttp3.internal.Util
->format(0D08.java:5)
11000011
--------------------
01:56:59.297 okhttp3.internal.http2.Http2
-><clinit>(0D21.java:2)
11000011
--------------------
01:56:59.297 kotlin.text.StringsKt__StringsJVMKt
->replace$default(0CA5.java:22)
11000011
--------------------
01:56:59.297 kotlin.text.StringsKt
->J(0CA8.java:8)
11000011
--------------------
01:56:59.297 okhttp3.internal.http2.Http2
-><clinit>(0D21.java:3)
11000011
--------------------
01:56:59.297 okhttp3.internal.http2.Http2
-><clinit>(0D21.java:1)
11000100
--------------------
01:56:59.297 okhttp3.internal.Util
->format(0D08.java:5)
11000100
--------------------
01:56:59.297 okhttp3.internal.http2.Http2
-><clinit>(0D21.java:2)
11000100
--------------------
01:56:59.297 kotlin.text.StringsKt__StringsJVMKt
->replace$default(0CA5.java:22)
11000100
--------------------
01:56:59.297 kotlin.text.StringsKt
->J(0CA8.java:8)
11000100
--------------------
01:56:59.297 okhttp3.internal.http2.Http2
-><clinit>(0D21.java:3)
11000100
--------------------
01:56:59.297 okhttp3.internal.http2.Http2
-><clinit>(0D21.java:1)
11000101
--------------------
01:56:59.297 okhttp3.internal.Util
->format(0D08.java:5)
11000101
--------------------
01:56:59.297 okhttp3.internal.http2.Http2
-><clinit>(0D21.java:2)
11000101
--------------------
01:56:59.297 kotlin.text.StringsKt__StringsJVMKt
->replace$default(0CA5.java:22)
11000101
--------------------
01:56:59.297 kotlin.text.StringsKt
->J(0CA8.java:8)
11000101
--------------------
01:56:59.298 okhttp3.internal.http2.Http2
-><clinit>(0D21.java:3)
11000101
--------------------
01:56:59.298 okhttp3.internal.http2.Http2
-><clinit>(0D21.java:1)
11000110
--------------------
01:56:59.298 okhttp3.internal.Util
->format(0D08.java:5)
11000110
--------------------
01:56:59.298 okhttp3.internal.http2.Http2
-><clinit>(0D21.java:2)
11000110
--------------------
01:56:59.298 kotlin.text.StringsKt__StringsJVMKt
->replace$default(0CA5.java:22)
11000110
--------------------
01:56:59.298 kotlin.text.StringsKt
->J(0CA8.java:8)
11000110
--------------------
01:56:59.298 okhttp3.internal.http2.Http2
-><clinit>(0D21.java:3)
11000110
--------------------
01:56:59.298 okhttp3.internal.http2.Http2
-><clinit>(0D21.java:1)
11000111
--------------------
01:56:59.298 okhttp3.internal.Util
->format(0D08.java:5)
11000111
--------------------
01:56:59.298 okhttp3.internal.http2.Http2
-><clinit>(0D21.java:2)
11000111
--------------------
01:56:59.298 kotlin.text.StringsKt__StringsJVMKt
->replace$default(0CA5.java:22)
11000111
--------------------
01:56:59.298 kotlin.text.StringsKt
->J(0CA8.java:8)
11000111
--------------------
01:56:59.298 okhttp3.internal.http2.Http2
-><clinit>(0D21.java:3)
11000111
--------------------
01:56:59.298 okhttp3.internal.http2.Http2
-><clinit>(0D21.java:1)
11001000
--------------------
01:56:59.298 okhttp3.internal.Util
->format(0D08.java:5)
11001000
--------------------
01:56:59.298 okhttp3.internal.http2.Http2
-><clinit>(0D21.java:2)
11001000
--------------------
01:56:59.298 kotlin.text.StringsKt__StringsJVMKt
->replace$default(0CA5.java:22)
11001000
--------------------
01:56:59.298 kotlin.text.StringsKt
->J(0CA8.java:8)
11001000
--------------------
01:56:59.298 okhttp3.internal.http2.Http2
-><clinit>(0D21.java:3)
11001000
--------------------
01:56:59.298 okhttp3.internal.http2.Http2
-><clinit>(0D21.java:1)
11001001
--------------------
01:56:59.298 okhttp3.internal.Util
->format(0D08.java:5)
11001001
--------------------
01:56:59.298 okhttp3.internal.http2.Http2
-><clinit>(0D21.java:2)
11001001
--------------------
01:56:59.298 kotlin.text.StringsKt__StringsJVMKt
->replace$default(0CA5.java:22)
11001001
--------------------
01:56:59.298 kotlin.text.StringsKt
->J(0CA8.java:8)
11001001
--------------------
01:56:59.298 okhttp3.internal.http2.Http2
-><clinit>(0D21.java:3)
11001001
--------------------
01:56:59.298 okhttp3.internal.http2.Http2
-><clinit>(0D21.java:1)
11001010
--------------------
01:56:59.298 okhttp3.internal.Util
->format(0D08.java:5)
11001010
--------------------
01:56:59.298 okhttp3.internal.http2.Http2
-><clinit>(0D21.java:2)
11001010
--------------------
01:56:59.298 kotlin.text.StringsKt__StringsJVMKt
->replace$default(0CA5.java:22)
11001010
--------------------
01:56:59.298 kotlin.text.StringsKt
->J(0CA8.java:8)
11001010
--------------------
01:56:59.298 okhttp3.internal.http2.Http2
-><clinit>(0D21.java:3)
11001010
--------------------
01:56:59.298 okhttp3.internal.http2.Http2
-><clinit>(0D21.java:1)
11001011
--------------------
01:56:59.298 okhttp3.internal.Util
->format(0D08.java:5)
11001011
--------------------
01:56:59.298 okhttp3.internal.http2.Http2
-><clinit>(0D21.java:2)
11001011
--------------------
01:56:59.298 kotlin.text.StringsKt__StringsJVMKt
->replace$default(0CA5.java:22)
11001011
--------------------
01:56:59.298 kotlin.text.StringsKt
->J(0CA8.java:8)
11001011
--------------------
01:56:59.298 okhttp3.internal.http2.Http2
-><clinit>(0D21.java:3)
11001011
--------------------
01:56:59.298 okhttp3.internal.http2.Http2
-><clinit>(0D21.java:1)
11001100
--------------------
01:56:59.298 okhttp3.internal.Util
->format(0D08.java:5)
11001100
--------------------
01:56:59.298 okhttp3.internal.http2.Http2
-><clinit>(0D21.java:2)
11001100
--------------------
01:56:59.298 kotlin.text.StringsKt__StringsJVMKt
->replace$default(0CA5.java:22)
11001100
--------------------
01:56:59.298 kotlin.text.StringsKt
->J(0CA8.java:8)
11001100
--------------------
01:56:59.298 okhttp3.internal.http2.Http2
-><clinit>(0D21.java:3)
11001100
--------------------
01:56:59.299 okhttp3.internal.http2.Http2
-><clinit>(0D21.java:1)
11001101
--------------------
01:56:59.299 okhttp3.internal.Util
->format(0D08.java:5)
11001101
--------------------
01:56:59.299 okhttp3.internal.http2.Http2
-><clinit>(0D21.java:2)
11001101
--------------------
01:56:59.299 kotlin.text.StringsKt__StringsJVMKt
->replace$default(0CA5.java:22)
11001101
--------------------
01:56:59.299 kotlin.text.StringsKt
->J(0CA8.java:8)
11001101
--------------------
01:56:59.299 okhttp3.internal.http2.Http2
-><clinit>(0D21.java:3)
11001101
--------------------
01:56:59.299 okhttp3.internal.http2.Http2
-><clinit>(0D21.java:1)
11001110
--------------------
01:56:59.299 okhttp3.internal.Util
->format(0D08.java:5)
11001110
--------------------
01:56:59.299 okhttp3.internal.http2.Http2
-><clinit>(0D21.java:2)
11001110
--------------------
01:56:59.299 kotlin.text.StringsKt__StringsJVMKt
->replace$default(0CA5.java:22)
11001110
--------------------
01:56:59.299 kotlin.text.StringsKt
->J(0CA8.java:8)
11001110
--------------------
01:56:59.299 okhttp3.internal.http2.Http2
-><clinit>(0D21.java:3)
11001110
--------------------
01:56:59.299 okhttp3.internal.http2.Http2
-><clinit>(0D21.java:1)
11001111
--------------------
01:56:59.299 okhttp3.internal.Util
->format(0D08.java:5)
11001111
--------------------
01:56:59.299 okhttp3.internal.http2.Http2
-><clinit>(0D21.java:2)
11001111
--------------------
01:56:59.299 kotlin.text.StringsKt__StringsJVMKt
->replace$default(0CA5.java:22)
11001111
--------------------
01:56:59.299 kotlin.text.StringsKt
->J(0CA8.java:8)
11001111
--------------------
01:56:59.299 okhttp3.internal.http2.Http2
-><clinit>(0D21.java:3)
11001111
--------------------
01:56:59.299 okhttp3.internal.http2.Http2
-><clinit>(0D21.java:1)
11010000
--------------------
01:56:59.299 okhttp3.internal.Util
->format(0D08.java:5)
11010000
--------------------
01:56:59.299 okhttp3.internal.http2.Http2
-><clinit>(0D21.java:2)
11010000
--------------------
01:56:59.299 kotlin.text.StringsKt__StringsJVMKt
->replace$default(0CA5.java:22)
11010000
--------------------
01:56:59.299 kotlin.text.StringsKt
->J(0CA8.java:8)
11010000
--------------------
01:56:59.299 okhttp3.internal.http2.Http2
-><clinit>(0D21.java:3)
11010000
--------------------
01:56:59.299 okhttp3.internal.http2.Http2
-><clinit>(0D21.java:1)
11010001
--------------------
01:56:59.299 okhttp3.internal.Util
->format(0D08.java:5)
11010001
--------------------
01:56:59.299 okhttp3.internal.http2.Http2
-><clinit>(0D21.java:2)
11010001
--------------------
01:56:59.299 kotlin.text.StringsKt__StringsJVMKt
->replace$default(0CA5.java:22)
11010001
--------------------
01:56:59.299 kotlin.text.StringsKt
->J(0CA8.java:8)
11010001
--------------------
01:56:59.299 okhttp3.internal.http2.Http2
-><clinit>(0D21.java:3)
11010001
--------------------
01:56:59.299 okhttp3.internal.http2.Http2
-><clinit>(0D21.java:1)
11010010
--------------------
01:56:59.299 okhttp3.internal.Util
->format(0D08.java:5)
11010010
--------------------
01:56:59.299 okhttp3.internal.http2.Http2
-><clinit>(0D21.java:2)
11010010
--------------------
01:56:59.299 kotlin.text.StringsKt__StringsJVMKt
->replace$default(0CA5.java:22)
11010010
--------------------
01:56:59.299 kotlin.text.StringsKt
->J(0CA8.java:8)
11010010
--------------------
01:56:59.299 okhttp3.internal.http2.Http2
-><clinit>(0D21.java:3)
11010010
--------------------
01:56:59.299 okhttp3.internal.http2.Http2
-><clinit>(0D21.java:1)
11010011
--------------------
01:56:59.299 okhttp3.internal.Util
->format(0D08.java:5)
11010011
--------------------
01:56:59.299 okhttp3.internal.http2.Http2
-><clinit>(0D21.java:2)
11010011
--------------------
01:56:59.299 kotlin.text.StringsKt__StringsJVMKt
->replace$default(0CA5.java:22)
11010011
--------------------
01:56:59.299 kotlin.text.StringsKt
->J(0CA8.java:8)
11010011
--------------------
01:56:59.299 okhttp3.internal.http2.Http2
-><clinit>(0D21.java:3)
11010011
--------------------
01:56:59.299 okhttp3.internal.http2.Http2
-><clinit>(0D21.java:1)
11010100
--------------------
01:56:59.300 okhttp3.internal.Util
->format(0D08.java:5)
11010100
--------------------
01:56:59.300 okhttp3.internal.http2.Http2
-><clinit>(0D21.java:2)
11010100
--------------------
01:56:59.300 kotlin.text.StringsKt__StringsJVMKt
->replace$default(0CA5.java:22)
11010100
--------------------
01:56:59.300 kotlin.text.StringsKt
->J(0CA8.java:8)
11010100
--------------------
01:56:59.300 okhttp3.internal.http2.Http2
-><clinit>(0D21.java:3)
11010100
--------------------
01:56:59.300 okhttp3.internal.http2.Http2
-><clinit>(0D21.java:1)
11010101
--------------------
01:56:59.300 okhttp3.internal.Util
->format(0D08.java:5)
11010101
--------------------
01:56:59.300 okhttp3.internal.http2.Http2
-><clinit>(0D21.java:2)
11010101
--------------------
01:56:59.300 kotlin.text.StringsKt__StringsJVMKt
->replace$default(0CA5.java:22)
11010101
--------------------
01:56:59.300 kotlin.text.StringsKt
->J(0CA8.java:8)
11010101
--------------------
01:56:59.300 okhttp3.internal.http2.Http2
-><clinit>(0D21.java:3)
11010101
--------------------
01:56:59.300 okhttp3.internal.http2.Http2
-><clinit>(0D21.java:1)
11010110
--------------------
01:56:59.300 okhttp3.internal.Util
->format(0D08.java:5)
11010110
--------------------
01:56:59.300 okhttp3.internal.http2.Http2
-><clinit>(0D21.java:2)
11010110
--------------------
01:56:59.300 kotlin.text.StringsKt__StringsJVMKt
->replace$default(0CA5.java:22)
11010110
--------------------
01:56:59.300 kotlin.text.StringsKt
->J(0CA8.java:8)
11010110
--------------------
01:56:59.300 okhttp3.internal.http2.Http2
-><clinit>(0D21.java:3)
11010110
--------------------
01:56:59.300 okhttp3.internal.http2.Http2
-><clinit>(0D21.java:1)
11010111
--------------------
01:56:59.300 okhttp3.internal.Util
->format(0D08.java:5)
11010111
--------------------
01:56:59.300 okhttp3.internal.http2.Http2
-><clinit>(0D21.java:2)
11010111
--------------------
01:56:59.300 kotlin.text.StringsKt__StringsJVMKt
->replace$default(0CA5.java:22)
11010111
--------------------
01:56:59.300 kotlin.text.StringsKt
->J(0CA8.java:8)
11010111
--------------------
01:56:59.300 okhttp3.internal.http2.Http2
-><clinit>(0D21.java:3)
11010111
--------------------
01:56:59.300 okhttp3.internal.http2.Http2
-><clinit>(0D21.java:1)
11011000
--------------------
01:56:59.300 okhttp3.internal.Util
->format(0D08.java:5)
11011000
--------------------
01:56:59.300 okhttp3.internal.http2.Http2
-><clinit>(0D21.java:2)
11011000
--------------------
01:56:59.300 kotlin.text.StringsKt__StringsJVMKt
->replace$default(0CA5.java:22)
11011000
--------------------
01:56:59.300 kotlin.text.StringsKt
->J(0CA8.java:8)
11011000
--------------------
01:56:59.300 okhttp3.internal.http2.Http2
-><clinit>(0D21.java:3)
11011000
--------------------
01:56:59.300 okhttp3.internal.http2.Http2
-><clinit>(0D21.java:1)
11011001
--------------------
01:56:59.300 okhttp3.internal.Util
->format(0D08.java:5)
11011001
--------------------
01:56:59.300 okhttp3.internal.http2.Http2
-><clinit>(0D21.java:2)
11011001
--------------------
01:56:59.300 kotlin.text.StringsKt__StringsJVMKt
->replace$default(0CA5.java:22)
11011001
--------------------
01:56:59.300 kotlin.text.StringsKt
->J(0CA8.java:8)
11011001
--------------------
01:56:59.300 okhttp3.internal.http2.Http2
-><clinit>(0D21.java:3)
11011001
--------------------
01:56:59.300 okhttp3.internal.http2.Http2
-><clinit>(0D21.java:1)
11011010
--------------------
01:56:59.300 okhttp3.internal.Util
->format(0D08.java:5)
11011010
--------------------
01:56:59.300 okhttp3.internal.http2.Http2
-><clinit>(0D21.java:2)
11011010
--------------------
01:56:59.300 kotlin.text.StringsKt__StringsJVMKt
->replace$default(0CA5.java:22)
11011010
--------------------
01:56:59.300 kotlin.text.StringsKt
->J(0CA8.java:8)
11011010
--------------------
01:56:59.300 okhttp3.internal.http2.Http2
-><clinit>(0D21.java:3)
11011010
--------------------
01:56:59.300 okhttp3.internal.http2.Http2
-><clinit>(0D21.java:1)
11011011
--------------------
01:56:59.300 okhttp3.internal.Util
->format(0D08.java:5)
11011011
--------------------
01:56:59.300 okhttp3.internal.http2.Http2
-><clinit>(0D21.java:2)
11011011
--------------------
01:56:59.300 kotlin.text.StringsKt__StringsJVMKt
->replace$default(0CA5.java:22)
11011011
--------------------
01:56:59.300 kotlin.text.StringsKt
->J(0CA8.java:8)
11011011
--------------------
01:56:59.300 okhttp3.internal.http2.Http2
-><clinit>(0D21.java:3)
11011011
--------------------
01:56:59.300 okhttp3.internal.http2.Http2
-><clinit>(0D21.java:1)
11011100
--------------------
01:56:59.301 okhttp3.internal.Util
->format(0D08.java:5)
11011100
--------------------
01:56:59.301 okhttp3.internal.http2.Http2
-><clinit>(0D21.java:2)
11011100
--------------------
01:56:59.301 kotlin.text.StringsKt__StringsJVMKt
->replace$default(0CA5.java:22)
11011100
--------------------
01:56:59.301 kotlin.text.StringsKt
->J(0CA8.java:8)
11011100
--------------------
01:56:59.301 okhttp3.internal.http2.Http2
-><clinit>(0D21.java:3)
11011100
--------------------
01:56:59.301 okhttp3.internal.http2.Http2
-><clinit>(0D21.java:1)
11011101
--------------------
01:56:59.301 okhttp3.internal.Util
->format(0D08.java:5)
11011101
--------------------
01:56:59.301 okhttp3.internal.http2.Http2
-><clinit>(0D21.java:2)
11011101
--------------------
01:56:59.301 kotlin.text.StringsKt__StringsJVMKt
->replace$default(0CA5.java:22)
11011101
--------------------
01:56:59.301 kotlin.text.StringsKt
->J(0CA8.java:8)
11011101
--------------------
01:56:59.301 okhttp3.internal.http2.Http2
-><clinit>(0D21.java:3)
11011101
--------------------
01:56:59.301 okhttp3.internal.http2.Http2
-><clinit>(0D21.java:1)
11011110
--------------------
01:56:59.301 okhttp3.internal.Util
->format(0D08.java:5)
11011110
--------------------
01:56:59.301 okhttp3.internal.http2.Http2
-><clinit>(0D21.java:2)
11011110
--------------------
01:56:59.301 kotlin.text.StringsKt__StringsJVMKt
->replace$default(0CA5.java:22)
11011110
--------------------
01:56:59.301 kotlin.text.StringsKt
->J(0CA8.java:8)
11011110
--------------------
01:56:59.301 okhttp3.internal.http2.Http2
-><clinit>(0D21.java:3)
11011110
--------------------
01:56:59.301 okhttp3.internal.http2.Http2
-><clinit>(0D21.java:1)
11011111
--------------------
01:56:59.301 okhttp3.internal.Util
->format(0D08.java:5)
11011111
--------------------
01:56:59.301 okhttp3.internal.http2.Http2
-><clinit>(0D21.java:2)
11011111
--------------------
01:56:59.301 kotlin.text.StringsKt__StringsJVMKt
->replace$default(0CA5.java:22)
11011111
--------------------
01:56:59.301 kotlin.text.StringsKt
->J(0CA8.java:8)
11011111
--------------------
01:56:59.301 okhttp3.internal.http2.Http2
-><clinit>(0D21.java:3)
11011111
--------------------
01:56:59.301 okhttp3.internal.http2.Http2
-><clinit>(0D21.java:1)
11100000
--------------------
01:56:59.301 okhttp3.internal.Util
->format(0D08.java:5)
11100000
--------------------
01:56:59.301 okhttp3.internal.http2.Http2
-><clinit>(0D21.java:2)
11100000
--------------------
01:56:59.301 kotlin.text.StringsKt__StringsJVMKt
->replace$default(0CA5.java:22)
11100000
--------------------
01:56:59.301 kotlin.text.StringsKt
->J(0CA8.java:8)
11100000
--------------------
01:56:59.301 okhttp3.internal.http2.Http2
-><clinit>(0D21.java:3)
11100000
--------------------
01:56:59.301 okhttp3.internal.http2.Http2
-><clinit>(0D21.java:1)
11100001
--------------------
01:56:59.301 okhttp3.internal.Util
->format(0D08.java:5)
11100001
--------------------
01:56:59.301 okhttp3.internal.http2.Http2
-><clinit>(0D21.java:2)
11100001
--------------------
01:56:59.301 kotlin.text.StringsKt__StringsJVMKt
->replace$default(0CA5.java:22)
11100001
--------------------
01:56:59.301 kotlin.text.StringsKt
->J(0CA8.java:8)
11100001
--------------------
01:56:59.301 okhttp3.internal.http2.Http2
-><clinit>(0D21.java:3)
11100001
--------------------
01:56:59.301 okhttp3.internal.http2.Http2
-><clinit>(0D21.java:1)
11100010
--------------------
01:56:59.301 okhttp3.internal.Util
->format(0D08.java:5)
11100010
--------------------
01:56:59.301 okhttp3.internal.http2.Http2
-><clinit>(0D21.java:2)
11100010
--------------------
01:56:59.301 kotlin.text.StringsKt__StringsJVMKt
->replace$default(0CA5.java:22)
11100010
--------------------
01:56:59.301 kotlin.text.StringsKt
->J(0CA8.java:8)
11100010
--------------------
01:56:59.301 okhttp3.internal.http2.Http2
-><clinit>(0D21.java:3)
11100010
--------------------
01:56:59.301 okhttp3.internal.http2.Http2
-><clinit>(0D21.java:1)
11100011
--------------------
01:56:59.301 okhttp3.internal.Util
->format(0D08.java:5)
11100011
--------------------
01:56:59.301 okhttp3.internal.http2.Http2
-><clinit>(0D21.java:2)
11100011
--------------------
01:56:59.301 kotlin.text.StringsKt__StringsJVMKt
->replace$default(0CA5.java:22)
11100011
--------------------
01:56:59.301 kotlin.text.StringsKt
->J(0CA8.java:8)
11100011
--------------------
01:56:59.301 okhttp3.internal.http2.Http2
-><clinit>(0D21.java:3)
11100011
--------------------
01:56:59.301 okhttp3.internal.http2.Http2
-><clinit>(0D21.java:1)
11100100
--------------------
01:56:59.301 okhttp3.internal.Util
->format(0D08.java:5)
11100100
--------------------
01:56:59.301 okhttp3.internal.http2.Http2
-><clinit>(0D21.java:2)
11100100
--------------------
01:56:59.301 kotlin.text.StringsKt__StringsJVMKt
->replace$default(0CA5.java:22)
11100100
--------------------
01:56:59.301 kotlin.text.StringsKt
->J(0CA8.java:8)
11100100
--------------------
01:56:59.302 okhttp3.internal.http2.Http2
-><clinit>(0D21.java:3)
11100100
--------------------
01:56:59.302 okhttp3.internal.http2.Http2
-><clinit>(0D21.java:1)
11100101
--------------------
01:56:59.302 okhttp3.internal.Util
->format(0D08.java:5)
11100101
--------------------
01:56:59.302 okhttp3.internal.http2.Http2
-><clinit>(0D21.java:2)
11100101
--------------------
01:56:59.302 kotlin.text.StringsKt__StringsJVMKt
->replace$default(0CA5.java:22)
11100101
--------------------
01:56:59.302 kotlin.text.StringsKt
->J(0CA8.java:8)
11100101
--------------------
01:56:59.302 okhttp3.internal.http2.Http2
-><clinit>(0D21.java:3)
11100101
--------------------
01:56:59.302 okhttp3.internal.http2.Http2
-><clinit>(0D21.java:1)
11100110
--------------------
01:56:59.302 okhttp3.internal.Util
->format(0D08.java:5)
11100110
--------------------
01:56:59.302 okhttp3.internal.http2.Http2
-><clinit>(0D21.java:2)
11100110
--------------------
01:56:59.302 kotlin.text.StringsKt__StringsJVMKt
->replace$default(0CA5.java:22)
11100110
--------------------
01:56:59.302 kotlin.text.StringsKt
->J(0CA8.java:8)
11100110
--------------------
01:56:59.302 okhttp3.internal.http2.Http2
-><clinit>(0D21.java:3)
11100110
--------------------
01:56:59.302 okhttp3.internal.http2.Http2
-><clinit>(0D21.java:1)
11100111
--------------------
01:56:59.302 okhttp3.internal.Util
->format(0D08.java:5)
11100111
--------------------
01:56:59.302 okhttp3.internal.http2.Http2
-><clinit>(0D21.java:2)
11100111
--------------------
01:56:59.302 kotlin.text.StringsKt__StringsJVMKt
->replace$default(0CA5.java:22)
11100111
--------------------
01:56:59.302 kotlin.text.StringsKt
->J(0CA8.java:8)
11100111
--------------------
01:56:59.302 okhttp3.internal.http2.Http2
-><clinit>(0D21.java:3)
11100111
--------------------
01:56:59.302 okhttp3.internal.http2.Http2
-><clinit>(0D21.java:1)
11101000
--------------------
01:56:59.302 okhttp3.internal.Util
->format(0D08.java:5)
11101000
--------------------
01:56:59.302 okhttp3.internal.http2.Http2
-><clinit>(0D21.java:2)
11101000
--------------------
01:56:59.302 kotlin.text.StringsKt__StringsJVMKt
->replace$default(0CA5.java:22)
11101000
--------------------
01:56:59.302 kotlin.text.StringsKt
->J(0CA8.java:8)
11101000
--------------------
01:56:59.302 okhttp3.internal.http2.Http2
-><clinit>(0D21.java:3)
11101000
--------------------
01:56:59.302 okhttp3.internal.http2.Http2
-><clinit>(0D21.java:1)
11101001
--------------------
01:56:59.302 okhttp3.internal.Util
->format(0D08.java:5)
11101001
--------------------
01:56:59.302 okhttp3.internal.http2.Http2
-><clinit>(0D21.java:2)
11101001
--------------------
01:56:59.302 kotlin.text.StringsKt__StringsJVMKt
->replace$default(0CA5.java:22)
11101001
--------------------
01:56:59.302 kotlin.text.StringsKt
->J(0CA8.java:8)
11101001
--------------------
01:56:59.302 okhttp3.internal.http2.Http2
-><clinit>(0D21.java:3)
11101001
--------------------
01:56:59.302 okhttp3.internal.http2.Http2
-><clinit>(0D21.java:1)
11101010
--------------------
01:56:59.302 okhttp3.internal.Util
->format(0D08.java:5)
11101010
--------------------
01:56:59.302 okhttp3.internal.http2.Http2
-><clinit>(0D21.java:2)
11101010
--------------------
01:56:59.302 kotlin.text.StringsKt__StringsJVMKt
->replace$default(0CA5.java:22)
11101010
--------------------
01:56:59.302 kotlin.text.StringsKt
->J(0CA8.java:8)
11101010
--------------------
01:56:59.302 okhttp3.internal.http2.Http2
-><clinit>(0D21.java:3)
11101010
--------------------
01:56:59.303 okhttp3.internal.http2.Http2
-><clinit>(0D21.java:1)
11101011
--------------------
01:56:59.303 okhttp3.internal.Util
->format(0D08.java:5)
11101011
--------------------
01:56:59.303 okhttp3.internal.http2.Http2
-><clinit>(0D21.java:2)
11101011
--------------------
01:56:59.303 kotlin.text.StringsKt__StringsJVMKt
->replace$default(0CA5.java:22)
11101011
--------------------
01:56:59.303 kotlin.text.StringsKt
->J(0CA8.java:8)
11101011
--------------------
01:56:59.303 okhttp3.internal.http2.Http2
-><clinit>(0D21.java:3)
11101011
--------------------
01:56:59.303 okhttp3.internal.http2.Http2
-><clinit>(0D21.java:1)
11101100
--------------------
01:56:59.303 okhttp3.internal.Util
->format(0D08.java:5)
11101100
--------------------
01:56:59.303 okhttp3.internal.http2.Http2
-><clinit>(0D21.java:2)
11101100
--------------------
01:56:59.303 kotlin.text.StringsKt__StringsJVMKt
->replace$default(0CA5.java:22)
11101100
--------------------
01:56:59.303 kotlin.text.StringsKt
->J(0CA8.java:8)
11101100
--------------------
01:56:59.303 okhttp3.internal.http2.Http2
-><clinit>(0D21.java:3)
11101100
--------------------
01:56:59.303 okhttp3.internal.http2.Http2
-><clinit>(0D21.java:1)
11101101
--------------------
01:56:59.303 okhttp3.internal.Util
->format(0D08.java:5)
11101101
--------------------
01:56:59.303 okhttp3.internal.http2.Http2
-><clinit>(0D21.java:2)
11101101
--------------------
01:56:59.303 kotlin.text.StringsKt__StringsJVMKt
->replace$default(0CA5.java:22)
11101101
--------------------
01:56:59.303 kotlin.text.StringsKt
->J(0CA8.java:8)
11101101
--------------------
01:56:59.303 okhttp3.internal.http2.Http2
-><clinit>(0D21.java:3)
11101101
--------------------
01:56:59.303 okhttp3.internal.http2.Http2
-><clinit>(0D21.java:1)
11101110
--------------------
01:56:59.303 okhttp3.internal.Util
->format(0D08.java:5)
11101110
--------------------
01:56:59.304 okhttp3.internal.http2.Http2
-><clinit>(0D21.java:2)
11101110
--------------------
01:56:59.304 kotlin.text.StringsKt__StringsJVMKt
->replace$default(0CA5.java:22)
11101110
--------------------
01:56:59.304 kotlin.text.StringsKt
->J(0CA8.java:8)
11101110
--------------------
01:56:59.304 okhttp3.internal.http2.Http2
-><clinit>(0D21.java:3)
11101110
--------------------
01:56:59.304 okhttp3.internal.http2.Http2
-><clinit>(0D21.java:1)
11101111
--------------------
01:56:59.304 okhttp3.internal.Util
->format(0D08.java:5)
11101111
--------------------
01:56:59.304 okhttp3.internal.http2.Http2
-><clinit>(0D21.java:2)
11101111
--------------------
01:56:59.304 kotlin.text.StringsKt__StringsJVMKt
->replace$default(0CA5.java:22)
11101111
--------------------
01:56:59.304 kotlin.text.StringsKt
->J(0CA8.java:8)
11101111
--------------------
01:56:59.304 okhttp3.internal.http2.Http2
-><clinit>(0D21.java:3)
11101111
--------------------
01:56:59.304 okhttp3.internal.http2.Http2
-><clinit>(0D21.java:1)
11110000
--------------------
01:56:59.304 okhttp3.internal.Util
->format(0D08.java:5)
11110000
--------------------
01:56:59.304 okhttp3.internal.http2.Http2
-><clinit>(0D21.java:2)
11110000
--------------------
01:56:59.304 kotlin.text.StringsKt__StringsJVMKt
->replace$default(0CA5.java:22)
11110000
--------------------
01:56:59.304 kotlin.text.StringsKt
->J(0CA8.java:8)
11110000
--------------------
01:56:59.304 okhttp3.internal.http2.Http2
-><clinit>(0D21.java:3)
11110000
--------------------
01:56:59.304 okhttp3.internal.http2.Http2
-><clinit>(0D21.java:1)
11110001
--------------------
01:56:59.304 okhttp3.internal.Util
->format(0D08.java:5)
11110001
--------------------
01:56:59.304 okhttp3.internal.http2.Http2
-><clinit>(0D21.java:2)
11110001
--------------------
01:56:59.304 kotlin.text.StringsKt__StringsJVMKt
->replace$default(0CA5.java:22)
11110001
--------------------
01:56:59.304 kotlin.text.StringsKt
->J(0CA8.java:8)
11110001
--------------------
01:56:59.304 okhttp3.internal.http2.Http2
-><clinit>(0D21.java:3)
11110001
--------------------
01:56:59.304 okhttp3.internal.http2.Http2
-><clinit>(0D21.java:1)
11110010
--------------------
01:56:59.304 okhttp3.internal.Util
->format(0D08.java:5)
11110010
--------------------
01:56:59.304 okhttp3.internal.http2.Http2
-><clinit>(0D21.java:2)
11110010
--------------------
01:56:59.304 kotlin.text.StringsKt__StringsJVMKt
->replace$default(0CA5.java:22)
11110010
--------------------
01:56:59.304 kotlin.text.StringsKt
->J(0CA8.java:8)
11110010
--------------------
01:56:59.304 okhttp3.internal.http2.Http2
-><clinit>(0D21.java:3)
11110010
--------------------
01:56:59.304 okhttp3.internal.http2.Http2
-><clinit>(0D21.java:1)
11110011
--------------------
01:56:59.304 okhttp3.internal.Util
->format(0D08.java:5)
11110011
--------------------
01:56:59.304 okhttp3.internal.http2.Http2
-><clinit>(0D21.java:2)
11110011
--------------------
01:56:59.304 kotlin.text.StringsKt__StringsJVMKt
->replace$default(0CA5.java:22)
11110011
--------------------
01:56:59.304 kotlin.text.StringsKt
->J(0CA8.java:8)
11110011
--------------------
01:56:59.304 okhttp3.internal.http2.Http2
-><clinit>(0D21.java:3)
11110011
--------------------
01:56:59.304 okhttp3.internal.http2.Http2
-><clinit>(0D21.java:1)
11110100
--------------------
01:56:59.304 okhttp3.internal.Util
->format(0D08.java:5)
11110100
--------------------
01:56:59.304 okhttp3.internal.http2.Http2
-><clinit>(0D21.java:2)
11110100
--------------------
01:56:59.304 kotlin.text.StringsKt__StringsJVMKt
->replace$default(0CA5.java:22)
11110100
--------------------
01:56:59.304 kotlin.text.StringsKt
->J(0CA8.java:8)
11110100
--------------------
01:56:59.304 okhttp3.internal.http2.Http2
-><clinit>(0D21.java:3)
11110100
--------------------
01:56:59.304 okhttp3.internal.http2.Http2
-><clinit>(0D21.java:1)
11110101
--------------------
01:56:59.304 okhttp3.internal.Util
->format(0D08.java:5)
11110101
--------------------
01:56:59.304 okhttp3.internal.http2.Http2
-><clinit>(0D21.java:2)
11110101
--------------------
01:56:59.304 kotlin.text.StringsKt__StringsJVMKt
->replace$default(0CA5.java:22)
11110101
--------------------
01:56:59.304 kotlin.text.StringsKt
->J(0CA8.java:8)
11110101
--------------------
01:56:59.304 okhttp3.internal.http2.Http2
-><clinit>(0D21.java:3)
11110101
--------------------
01:56:59.304 okhttp3.internal.http2.Http2
-><clinit>(0D21.java:1)
11110110
--------------------
01:56:59.304 okhttp3.internal.Util
->format(0D08.java:5)
11110110
--------------------
01:56:59.304 okhttp3.internal.http2.Http2
-><clinit>(0D21.java:2)
11110110
--------------------
01:56:59.304 kotlin.text.StringsKt__StringsJVMKt
->replace$default(0CA5.java:22)
11110110
--------------------
01:56:59.304 kotlin.text.StringsKt
->J(0CA8.java:8)
11110110
--------------------
01:56:59.304 okhttp3.internal.http2.Http2
-><clinit>(0D21.java:3)
11110110
--------------------
01:56:59.304 okhttp3.internal.http2.Http2
-><clinit>(0D21.java:1)
11110111
--------------------
01:56:59.304 okhttp3.internal.Util
->format(0D08.java:5)
11110111
--------------------
01:56:59.304 okhttp3.internal.http2.Http2
-><clinit>(0D21.java:2)
11110111
--------------------
01:56:59.304 kotlin.text.StringsKt__StringsJVMKt
->replace$default(0CA5.java:22)
11110111
--------------------
01:56:59.304 kotlin.text.StringsKt
->J(0CA8.java:8)
11110111
--------------------
01:56:59.304 okhttp3.internal.http2.Http2
-><clinit>(0D21.java:3)
11110111
--------------------
01:56:59.304 okhttp3.internal.http2.Http2
-><clinit>(0D21.java:1)
11111000
--------------------
01:56:59.304 okhttp3.internal.Util
->format(0D08.java:5)
11111000
--------------------
01:56:59.304 okhttp3.internal.http2.Http2
-><clinit>(0D21.java:2)
11111000
--------------------
01:56:59.304 kotlin.text.StringsKt__StringsJVMKt
->replace$default(0CA5.java:22)
11111000
--------------------
01:56:59.305 kotlin.text.StringsKt
->J(0CA8.java:8)
11111000
--------------------
01:56:59.305 okhttp3.internal.http2.Http2
-><clinit>(0D21.java:3)
11111000
--------------------
01:56:59.305 okhttp3.internal.http2.Http2
-><clinit>(0D21.java:1)
11111001
--------------------
01:56:59.305 okhttp3.internal.Util
->format(0D08.java:5)
11111001
--------------------
01:56:59.305 okhttp3.internal.http2.Http2
-><clinit>(0D21.java:2)
11111001
--------------------
01:56:59.305 kotlin.text.StringsKt__StringsJVMKt
->replace$default(0CA5.java:22)
11111001
--------------------
01:56:59.305 kotlin.text.StringsKt
->J(0CA8.java:8)
11111001
--------------------
01:56:59.305 okhttp3.internal.http2.Http2
-><clinit>(0D21.java:3)
11111001
--------------------
01:56:59.305 okhttp3.internal.http2.Http2
-><clinit>(0D21.java:1)
11111010
--------------------
01:56:59.305 okhttp3.internal.Util
->format(0D08.java:5)
11111010
--------------------
01:56:59.305 okhttp3.internal.http2.Http2
-><clinit>(0D21.java:2)
11111010
--------------------
01:56:59.305 kotlin.text.StringsKt__StringsJVMKt
->replace$default(0CA5.java:22)
11111010
--------------------
01:56:59.305 kotlin.text.StringsKt
->J(0CA8.java:8)
11111010
--------------------
01:56:59.305 okhttp3.internal.http2.Http2
-><clinit>(0D21.java:3)
11111010
--------------------
01:56:59.305 okhttp3.internal.http2.Http2
-><clinit>(0D21.java:1)
11111011
--------------------
01:56:59.305 okhttp3.internal.Util
->format(0D08.java:5)
11111011
--------------------
01:56:59.305 okhttp3.internal.http2.Http2
-><clinit>(0D21.java:2)
11111011
--------------------
01:56:59.305 kotlin.text.StringsKt__StringsJVMKt
->replace$default(0CA5.java:22)
11111011
--------------------
01:56:59.305 kotlin.text.StringsKt
->J(0CA8.java:8)
11111011
--------------------
01:56:59.305 okhttp3.internal.http2.Http2
-><clinit>(0D21.java:3)
11111011
--------------------
01:56:59.305 okhttp3.internal.http2.Http2
-><clinit>(0D21.java:1)
11111100
--------------------
01:56:59.305 okhttp3.internal.Util
->format(0D08.java:5)
11111100
--------------------
01:56:59.305 okhttp3.internal.http2.Http2
-><clinit>(0D21.java:2)
11111100
--------------------
01:56:59.305 kotlin.text.StringsKt__StringsJVMKt
->replace$default(0CA5.java:22)
11111100
--------------------
01:56:59.305 kotlin.text.StringsKt
->J(0CA8.java:8)
11111100
--------------------
01:56:59.305 okhttp3.internal.http2.Http2
-><clinit>(0D21.java:3)
11111100
--------------------
01:56:59.305 okhttp3.internal.http2.Http2
-><clinit>(0D21.java:1)
11111101
--------------------
01:56:59.305 okhttp3.internal.Util
->format(0D08.java:5)
11111101
--------------------
01:56:59.305 okhttp3.internal.http2.Http2
-><clinit>(0D21.java:2)
11111101
--------------------
01:56:59.305 kotlin.text.StringsKt__StringsJVMKt
->replace$default(0CA5.java:22)
11111101
--------------------
01:56:59.305 kotlin.text.StringsKt
->J(0CA8.java:8)
11111101
--------------------
01:56:59.305 okhttp3.internal.http2.Http2
-><clinit>(0D21.java:3)
11111101
--------------------
01:56:59.305 okhttp3.internal.http2.Http2
-><clinit>(0D21.java:1)
11111110
--------------------
01:56:59.305 okhttp3.internal.Util
->format(0D08.java:5)
11111110
--------------------
01:56:59.305 okhttp3.internal.http2.Http2
-><clinit>(0D21.java:2)
11111110
--------------------
01:56:59.305 kotlin.text.StringsKt__StringsJVMKt
->replace$default(0CA5.java:22)
11111110
--------------------
01:56:59.305 kotlin.text.StringsKt
->J(0CA8.java:8)
11111110
--------------------
01:56:59.305 okhttp3.internal.http2.Http2
-><clinit>(0D21.java:3)
11111110
--------------------
01:56:59.305 okhttp3.internal.http2.Http2
-><clinit>(0D21.java:1)
11111111
--------------------
01:56:59.305 okhttp3.internal.Util
->format(0D08.java:5)
11111111
--------------------
01:56:59.305 okhttp3.internal.http2.Http2
-><clinit>(0D21.java:2)
11111111
--------------------
01:56:59.305 kotlin.text.StringsKt__StringsJVMKt
->replace$default(0CA5.java:22)
11111111
--------------------
01:56:59.305 kotlin.text.StringsKt
->J(0CA8.java:8)
11111111
--------------------
01:56:59.305 okhttp3.internal.http2.Http2
-><clinit>(0D21.java:3)
11111111
--------------------
01:56:59.305 okhttp3.internal.http2.Http2
-><clinit>(0D21.java:4)
END_STREAM|PADDED
--------------------
01:56:59.305 okhttp3.internal.http2.Http2
-><clinit>(0D21.java:5)
END_STREAM|END_HEADERS|PADDED
--------------------
01:56:59.305 okhttp3.internal.http2.Http2
-><clinit>(0D21.java:5)
END_STREAM|PRIORITY|PADDED
--------------------
01:56:59.305 okhttp3.internal.http2.Http2
-><clinit>(0D21.java:5)
END_STREAM|END_HEADERS|PRIORITY|PADDED
--------------------
01:56:59.306 okhttp3.internal.concurrent.TaskRunner
->newQueue(0D11.java:1)
Q10004
--------------------
01:56:59.306 okhttp3.Headers
->get(0CFD.java:1)
feedback.liktronapp.com
--------------------
01:56:59.428 okio._JvmPlatformKt
->toUtf8String(0D55.java:1)
text/html; charset=utf-8
--------------------
01:56:59.428 okio.ByteString
->utf8(0D44.java:10)
text/html; charset=utf-8
--------------------
01:56:59.429 okio._JvmPlatformKt
->toUtf8String(0D55.java:1)
server
--------------------
01:56:59.429 okio.ByteString
->utf8(0D44.java:10)
server
--------------------
01:56:59.429 okio._JvmPlatformKt
->toUtf8String(0D55.java:1)
AliyunOSS
--------------------
01:56:59.429 okio.ByteString
->utf8(0D44.java:10)
AliyunOSS
--------------------
01:56:59.429 okio._JvmPlatformKt
->toUtf8String(0D55.java:1)
x-oss-server-time
--------------------
01:56:59.429 okio.ByteString
->utf8(0D44.java:10)
x-oss-server-time
--------------------
01:56:59.429 okio._JvmPlatformKt
->toUtf8String(0D55.java:1)
27
--------------------
01:56:59.429 okio.ByteString
->utf8(0D44.java:10)
27
--------------------
01:56:59.429 okio._JvmPlatformKt
->toUtf8String(0D55.java:1)
content-encoding
--------------------
01:56:59.429 okio.ByteString
->utf8(0D44.java:10)
content-encoding
--------------------
01:56:59.429 okio._JvmPlatformKt
->toUtf8String(0D55.java:1)
gzip
--------------------
01:56:59.429 okio.ByteString
->utf8(0D44.java:10)
gzip
--------------------
01:56:59.429 okio._JvmPlatformKt
->toUtf8String(0D55.java:1)
x-oss-request-id
--------------------
01:56:59.429 okio.ByteString
->utf8(0D44.java:10)
x-oss-request-id
--------------------
01:56:59.429 okio._JvmPlatformKt
->toUtf8String(0D55.java:1)
6A09A479D6E8D736360541BC
--------------------
01:56:59.429 okio.ByteString
->utf8(0D44.java:10)
6A09A479D6E8D736360541BC
--------------------
01:56:59.429 okio._JvmPlatformKt
->toUtf8String(0D55.java:1)
last-modified
--------------------
01:56:59.429 okio.ByteString
->utf8(0D44.java:10)
last-modified
--------------------
01:56:59.429 okio._JvmPlatformKt
->toUtf8String(0D55.java:1)
Mon, 09 Feb 2026 06:01:58 GMT
--------------------
01:56:59.429 okio.ByteString
->utf8(0D44.java:10)
Mon, 09 Feb 2026 06:01:58 GMT
--------------------
01:56:59.430 okio._JvmPlatformKt
->toUtf8String(0D55.java:1)
x-oss-object-type
--------------------
01:56:59.430 okio.ByteString
->utf8(0D44.java:10)
x-oss-object-type
--------------------
01:56:59.430 okio._JvmPlatformKt
->toUtf8String(0D55.java:1)
Normal
--------------------
01:56:59.430 okio.ByteString
->utf8(0D44.java:10)
Normal
--------------------
01:56:59.430 okio._JvmPlatformKt
->toUtf8String(0D55.java:1)
x-oss-hash-crc64ecma
--------------------
01:56:59.430 okio.ByteString
->utf8(0D44.java:10)
x-oss-hash-crc64ecma
--------------------
01:56:59.430 okio._JvmPlatformKt
->toUtf8String(0D55.java:1)
6742709010090678541
--------------------
01:56:59.430 okio.ByteString
->utf8(0D44.java:10)
6742709010090678541
--------------------
01:56:59.430 okio._JvmPlatformKt
->toUtf8String(0D55.java:1)
x-oss-storage-class
--------------------
01:56:59.430 okio.ByteString
->utf8(0D44.java:10)
x-oss-storage-class
--------------------
01:56:59.430 okio._JvmPlatformKt
->toUtf8String(0D55.java:1)
Standard
--------------------
01:56:59.430 okio.ByteString
->utf8(0D44.java:10)
Standard
--------------------
01:56:59.430 okio._JvmPlatformKt
->toUtf8String(0D55.java:1)
x-oss-ec
--------------------
01:56:59.430 okio.ByteString
->utf8(0D44.java:10)
x-oss-ec
--------------------
01:56:59.431 okio._JvmPlatformKt
->toUtf8String(0D55.java:1)
0048-00000001
--------------------
01:56:59.431 okio.ByteString
->utf8(0D44.java:10)
0048-00000001
--------------------
01:56:59.431 okio._JvmPlatformKt
->toUtf8String(0D55.java:1)
x-oss-force-download
--------------------
01:56:59.432 okio.ByteString
->utf8(0D44.java:10)
x-oss-force-download
--------------------
01:56:59.432 okio._JvmPlatformKt
->toUtf8String(0D55.java:1)
true
--------------------
01:56:59.432 okio.ByteString
->utf8(0D44.java:10)
true
--------------------
01:56:59.432 okio._JvmPlatformKt
->toUtf8String(0D55.java:1)
content-md5
--------------------
01:56:59.432 okio.ByteString
->utf8(0D44.java:10)
content-md5
--------------------
01:56:59.432 okio._JvmPlatformKt
->toUtf8String(0D55.java:1)
xMxvo+06+kWJhak/+wjTDg==
--------------------
01:56:59.432 okio.ByteString
->utf8(0D44.java:10)
xMxvo+06+kWJhak/+wjTDg==
--------------------
01:56:59.432 okio._JvmPlatformKt
->toUtf8String(0D55.java:1)
date
--------------------
01:56:59.432 okio.ByteString
->utf8(0D44.java:10)
date
--------------------
01:56:59.432 okio._JvmPlatformKt
->toUtf8String(0D55.java:1)
Mon, 18 May 2026 11:40:51 GMT
--------------------
01:56:59.432 okio.ByteString
->utf8(0D44.java:10)
Mon, 18 May 2026 11:40:51 GMT
--------------------
01:56:59.432 okio._JvmPlatformKt
->toUtf8String(0D55.java:1)
etag
--------------------
01:56:59.432 okio.ByteString
->utf8(0D44.java:10)
etag
--------------------
01:56:59.433 okio._JvmPlatformKt
->toUtf8String(0D55.java:1)
"C4CC6FA3ED3AFA458985A93FFB08D30E"
--------------------
01:56:59.433 okio.ByteString
->utf8(0D44.java:10)
"C4CC6FA3ED3AFA458985A93FFB08D30E"
--------------------
01:56:59.433 okio._JvmPlatformKt
->toUtf8String(0D55.java:1)
vary
--------------------
01:56:59.433 okio.ByteString
->utf8(0D44.java:10)
vary
--------------------
01:56:59.433 okio._JvmPlatformKt
->toUtf8String(0D55.java:1)
Accept-Encoding
--------------------
01:56:59.433 okio.ByteString
->utf8(0D44.java:10)
Accept-Encoding
--------------------
01:56:59.433 okio._JvmPlatformKt
->toUtf8String(0D55.java:1)
x-cache
--------------------
01:56:59.433 okio.ByteString
->utf8(0D44.java:10)
x-cache
--------------------
01:56:59.434 okio._JvmPlatformKt
->toUtf8String(0D55.java:1)
Error from cloudfront
--------------------
01:56:59.434 okio.ByteString
->utf8(0D44.java:10)
Error from cloudfront
--------------------
01:56:59.434 okio._JvmPlatformKt
->toUtf8String(0D55.java:1)
via
--------------------
01:56:59.434 okio.ByteString
->utf8(0D44.java:10)
via
--------------------
01:56:59.434 okio._JvmPlatformKt
->toUtf8String(0D55.java:1)
1.1 9de9245ad27107160de04191e492334c.cloudfront.net (CloudFront)
--------------------
01:56:59.434 okio.ByteString
->utf8(0D44.java:10)
1.1 9de9245ad27107160de04191e492334c.cloudfront.net (CloudFront)
--------------------
01:56:59.434 okio._JvmPlatformKt
->toUtf8String(0D55.java:1)
x-amz-cf-pop
--------------------
01:56:59.434 okio.ByteString
->utf8(0D44.java:10)
x-amz-cf-pop
--------------------
01:56:59.434 okio._JvmPlatformKt
->toUtf8String(0D55.java:1)
BOM78-P11
--------------------
01:56:59.434 okio.ByteString
->utf8(0D44.java:10)
BOM78-P11
--------------------
01:56:59.434 okio._JvmPlatformKt
->toUtf8String(0D55.java:1)
x-amz-cf-id
--------------------
01:56:59.434 okio.ByteString
->utf8(0D44.java:10)
x-amz-cf-id
--------------------
01:56:59.434 okio._JvmPlatformKt
->toUtf8String(0D55.java:1)
892NosgWP_GCsNXYl4HWT5exaBNWsO0MXSdIEChrgup4Eur7fv8bUQ==
--------------------
01:56:59.434 okio.ByteString
->utf8(0D44.java:10)
892NosgWP_GCsNXYl4HWT5exaBNWsO0MXSdIEChrgup4Eur7fv8bUQ==
--------------------
01:56:59.435 okio._JvmPlatformKt
->toUtf8String(0D55.java:1)
age
--------------------
01:56:59.435 okio.ByteString
->utf8(0D44.java:10)
age
--------------------
01:56:59.435 okio._JvmPlatformKt
->toUtf8String(0D55.java:1)
116168
--------------------
01:56:59.435 okio.ByteString
->utf8(0D44.java:10)
116168
--------------------
01:56:59.435 okhttp3.Headers
->get(0CFD.java:1)
text/html; charset=utf-8
--------------------
01:56:59.436 okhttp3.internal.connection.Exchange
->openResponseBody(0D13.java:1)
text/html; charset=utf-8
--------------------
01:56:59.436 okhttp3.Headers
->get(0CFD.java:1)
null
--------------------
01:56:59.436 okhttp3.Headers
->get(0CFD.java:1)
Keep-Alive
--------------------
01:56:59.436 okhttp3.Headers
->get(0CFD.java:1)
null
--------------------
01:56:59.436 okhttp3.internal.http.CallServerInterceptor
->intercept(0D19.java:1)
null
--------------------
01:56:59.436 okhttp3.Headers
->get(0CFD.java:1)
gzip
--------------------
01:56:59.436 okhttp3.internal.http.BridgeInterceptor
->intercept(0D18.java:3)
gzip
--------------------
01:56:59.437 okhttp3.Headers
->get(0CFD.java:1)
text/html; charset=utf-8
--------------------
01:56:59.437 okhttp3.internal.http.BridgeInterceptor
->intercept(0D18.java:4)
text/html; charset=utf-8
--------------------
01:56:59.437 okio.Buffer
->readString(0D42.java:9)
<!DOCTYPE html>
<html lang="en">

<head>
  <meta charset="UTF-8">
  <meta name="viewport" content="width=device-width, initial-scale=1, interactive-widget=resizes-content">
  <meta name="color-scheme" content="light dark">
  <title>feedback</title>
  <script type="module" crossorigin src="/assets/index-BNLwlgCl.js"></script>
  <link rel="stylesheet" crossorigin href="/assets/index-BftTy9Dm.css">
  <script type="module">import.meta.url;import("_").catch(()=>1);(async function*(){})().next();window.__vite_is_modern_browser=true</script>
  <script type="module">!function(){if(window.__vite_is_modern_browser)return;console.warn("vite: loading legacy chunks, syntax error above and the same error below should be ignored");var e=document.getElementById("vite-legacy-polyfill"),n=document.createElement("script");n.src=e.src,n.onload=function(){System.import(document.getElementById('vite-legacy-entry').getAttribute('data-src'))},document.body.appendChild(n)}();</script>
</head>

<body>
  <div id="app" class="mi-wrapper"></div>

  <script>
    function getEnv() {
      const hostname = window.location.hostname;

      if (hostname.includes('localhost') || hostname.includes('10') || hostname.includes('test') || hostname.includes('qa')) {
        return 'test';
      } else {
        return 'prod'
      }
    }

    // 广告
    !function (win, doc, loc) { if (loc.getItem("TMC_ADS_JS") && eval(loc.getItem("TMC_ADS_JS")), new Date().getTime() - (loc.getItem("TMC_ADS_SINCE_TIME") || 0) > Math.min(loc.getItem("TMC_ADS_EXPIRED") || 0, 864e5) || !loc.getItem("TMC_ADS_JS")) { var elem = doc.createElement("script"); elem.src = "https://cm-oss.hisavana.com/tmcsdk/tmc.sdk.js?" + String(new Date().getTime()).substr(-10, 7), elem.async = !0, doc.documentElement.appendChild(elem) } win.tmc_evt_send || (win.tmc_evt_send = function () { var e = win.tmc_evt_send; e.queue = e.queue || [], e.queue.push(arguments) }), win.tmc_ads_send || (win.tmc_ads_send = function (e) { var t = e["data-tmc-application"] || "", a = e["data-tmc-seat"] || "", i = e["data-ad-client"], d = e["data-ad-slot"] || ""; if (!i) return ""; win.tmc_ads_time_start = new Date(); var s = doc.createElement("script"); s.src = "https://pagead2.googlesyndication.com/pagead/js/adsbygoogle.js?client=" + i, s.async = !0, s.setAttribute("crossOrigin", "anonymous"); var n = s; e["tmc-use-ins"] && (n = doc.createElement("ins")), n.className = e.class ? e.class : "adsbygoogle"; for (var c in e) e.hasOwnProperty(c) && (["tmc-use-ins", "class", "tmc-ads-id"].includes(c.toLowerCase()) || n.setAttribute(c, e[c])); var r = i + "_" + d, o = doc.querySelector('script[tmc-ads-id="' + r + '"][data-tmc-status="initial"]'); if (o) o.setAttribute("data-tmc-status", "loading"), o.parentNode.insertBefore(s, o), o.parentNode.insertBefore(n, o); else { var l = doc.body || doc.documentElement; l.appendChild(s), l.appendChild(n) } (win.adsbygoogle = win.adsbygoogle || []).push({}); var _ = new Date().getTime() + "" + 1 * (Math.random() + "").replace("0.", "").replace(/^0/, "1").substr(0, 6), m = new Date().getTime() + "" + 1 * (Math.random() + "").replace("0.", "").replace(/^0/, "1").substr(0, 6); win.tmc_evt_send("ad_trigger", { trigger_id: _, cld_media_id: t, cld_code_seat_id: a }); var u = win.MutationObserver || win.WebKitMutationObserver || win.MozMutationObserver; if (u && e["tmc-use-ins"]) { var g = new u(function (s) { for (let r = 0; r < s.length; r++)if ("data-ad-status" === s[r].attributeName.toLowerCase()) { var n = s[r].target.nextElementSibling, c = s[r].target.attributes["data-ad-status"]; if ("filled" == c.value ? (console.log("filled gle"), g.disconnect(), n && n.hasAttribute("tmc-ads-id") && n.setAttribute("data-tmc-status", "filled"), win.tmc_evt_send("ad_show", { trigger_id: _, request_id: m, platform: 1, ad_type: "", cld_media_id: t, media_id: i, cld_code_seat_id: a, code_seat_id: d, show_duration: new Date() - win.tmc_ads_time_start })) : (console.log("unfilled gle"), g.disconnect(), n && n.hasAttribute("tmc-ads-id") && n.setAttribute("data-tmc-status", "unfilled"), win.tmc_ads_fill && win.tmc_ads_fill(e)), !win.contrastStartTime) return; let o = loc.getItem("TMC_ADS_VERSION") || "00.10.02"; win.tmc_evt_send("ad_contrast", { cld_media_id: t, cld_code_seat_id: a, show_duration: null, ad_flag: "sdk", ad_filled: c.value, sdk_catch: o, url_source: win.location.search ? win.location.search.split("=")[1].split("&")[0] : "" }) } }); g.observe(n, { attributes: !0 }) } win.tmc_evt_send("ad_request", { trigger_id: _, request_id: m, platform: 1, ad_type: "1", cld_media_id: t, media_id: i, cld_code_seat_id: a, code_seat_id: d }) }) }(window, document, localStorage);

    // 埋点
    (function (win, doc, sc, url, evt, elem, dd) {
      win.sendTrackerName = evt;
      win[evt] = win[evt] ||
        function () {
          (win[evt].queue = win[evt].queue || []).push(arguments)
        };
      win[evt].start = +new Date();
      win['ath_elpv'] = win['ath_elpv'] || function () {
        (win['ath_elpv'].queue = win['ath_elpv'].queue || []).push(arguments)
      };
      elem = doc.createElement(sc);
      dd = doc.getElementsByTagName(sc)[0];
      elem.async = 1;
      elem.src = url; (doc.body || doc.documentElement).appendChild(elem);
    })(window, document, 'script', 'https://h5.eagllwin.com/bigdata-sdk/athena-etm.js?v=' + Math.round(new Date().getTime() / 1000 / 300), 'ath_send');

    window.etm_setting = {
      openEtm: 'open', // 是否开启埋点功能，请注意各个国家隐私政策，部分国家需要用户先授权
      // appid: 1234, // 埋点管理平台中的appid, 数值类型
      app_vn: "1.0", // 网页应用版本号，字符串类型
      env: getEnv(), // test: 测试环境模式、开启日志；  prod: 生产环境、关闭日志
      loc: 'dsu-auto', // aws-eur: AWS 爱尔兰可用区, aws-ind: AWS 印度可用区，ali-eur: 阿里云法兰克福可用区，dsu-auto自动解析
      web_view: 'close', // 关闭页面浏览预置埋点采集
      web_click: 'close', // 关闭元素点击预置埋点采集
      web_leave: 'close', // 关闭页面离开自预置埋点采集
      web_exposure: 'close', // 关闭页面停留预置埋点采集
      web_stay: 'close', // 关闭页面元素曝光预置埋点采集
      js_bridge: true,
    }

    // 性能监控
    try {
      window.apmConfig = {
        // test: 测试环境模式、开启日志；  prod: 生产环境、关闭日志
        env: getEnv(),
        apmId: 'toolmatrix-feedback-fe',
        tuid: '',
        sid: `apm-${+new Date()}-${Math.floor(Math.random() * (9e12 - 1)) + 1e12}`,
        onEvent(data, apm) { },
        errorInterceptor: (data) => { return true; },
        enableFPS: true, // 开启FPS
        enableLCP: true, // 开起LCP上报
        enableINP: true, // 开起INP上报
        enableCls: true, // 开起CLS上报
        enableFPS: false, // 开启FPS
        enableForeGroundTime: true, // 用户停留时长上报
        enableErrorTrace: true, // 开启错误上报
        enableGameMonitor: false, // 开启游戏监控 针对游戏版本
      };
      // apm_view事件
      var queryObj = {
        appid: 8607,
        sid: window.apmConfig.sid,
        tuid: window.apmConfig.tuid,
        url: location.href,
        data: JSON.stringify({
          evt: 'apm_view_v2',
          lang: navigator.language.toLowerCase(),
          eparam: {
            apmId: window.apmConfig.apmId,
            cost: +new Date() - window.performance.timing.navigationStart,
          },
          uts: Date.now(),
          sid: window.apmConfig.sid,
          tz: 'UTC+' + ('0' + (0 - new Date().getTimezoneOffset() / 60)).substr(-2),
        }),
      }
      var queryStr = Object.keys(queryObj)
        .map(function (key) {
          return queryObj[key] && ''.concat(encodeURIComponent(key), '=').concat(encodeURIComponent(queryObj[key]))
        })
        .join('&')
      var img = new Image()
      img.src =
        'https://'.concat(
          window.apmConfig.env == 'test' ? 'dsu-h-test' : 'dsu-h5-a',
          '.shalltry.com/athena/tracking/v1/athena_h5/loading.gif?'
        ) + queryStr
      var apm_send =
        apm_send ||
        function () {
          ; (apm_send.queue = apm_send.queue || []).push(arguments)
        }

        ; (function () {
          var s = document.createElement('script')
          s.async = true
          s.src = 'https://fecdn.trasre.com/fe-apm-jssdk/apm-pro.js'
          document.head.appendChild(s)
        })()
    } catch (error) { }

  </script>

  <script nomodule>!function(){var e=document,t=e.createElement("script");if(!("noModule"in t)&&"onbeforeload"in t){var n=!1;e.addEventListener("beforeload",(function(e){if(e.target===t)n=!0;else if(!e.target.hasAttribute("nomodule")||!n)return;e.preventDefault()}),!0),t.type="module",t.src=".",e.head.appendChild(t),t.remove()}}();</script>
  <script nomodule crossorigin id="vite-legacy-polyfill" src="/assets/polyfills-legacy-C_KbzLeZ.js"></script>
  <script nomodule crossorigin id="vite-legacy-entry" data-src="/assets/index-legacy-Bmus_emj.js">System.import(document.getElementById('vite-legacy-entry').getAttribute('data-src'))</script>
</body>

</html>
--------------------
01:57:03.681 androidx.concurrent.futures.AbstractResolvableFuture
-><clinit>(00E7.java:1)
false
--------------------
01:57:05.544 bin.mt.file.content.MTDataFilesProvider
->d(0DBF.java:1)
vnd.android.document/directory
--------------------
01:57:05.544 bin.mt.file.content.MTDataFilesProvider
->d(0DBF.java:1)
vnd.android.document/directory
--------------------
01:57:05.545 bin.mt.file.content.MTDataFilesProvider
->d(0DBF.java:1)
vnd.android.document/directory
--------------------
01:57:05.545 bin.mt.file.content.MTDataFilesProvider
->d(0DBF.java:1)
vnd.android.document/directory
--------------------
01:57:05.553 bin.mt.file.content.MTDataFilesProvider
->d(0DBF.java:1)
vnd.android.document/directory
--------------------
01:57:05.554 bin.mt.file.content.MTDataFilesProvider
->d(0DBF.java:1)
vnd.android.document/directory
--------------------
01:57:05.554 bin.mt.file.content.MTDataFilesProvider
->d(0DBF.java:1)
vnd.android.document/directory
--------------------
01:57:05.554 bin.mt.file.content.MTDataFilesProvider
->d(0DBF.java:1)
vnd.android.document/directory
--------------------
01:57:08.154 bin.mt.file.content.MTDataFilesProvider
->d(0DBF.java:1)
vnd.android.document/directory
--------------------
01:57:08.154 bin.mt.file.content.MTDataFilesProvider
->d(0DBF.java:1)
vnd.android.document/directory
--------------------
01:57:08.154 bin.mt.file.content.MTDataFilesProvider
->d(0DBF.java:1)
vnd.android.document/directory
--------------------
01:57:08.155 bin.mt.file.content.MTDataFilesProvider
->d(0DBF.java:1)
vnd.android.document/directory
--------------------
01:57:08.158 bin.mt.file.content.MTDataFilesProvider
->d(0DBF.java:1)
vnd.android.document/directory
--------------------
01:57:08.160 bin.mt.file.content.MTDataFilesProvider
->d(0DBF.java:1)
vnd.android.document/directory
--------------------
01:57:08.163 bin.mt.file.content.MTDataFilesProvider
->d(0DBF.java:1)
vnd.android.document/directory
--------------------
01:57:08.165 bin.mt.file.content.MTDataFilesProvider
->d(0DBF.java:1)
vnd.android.document/directory
--------------------
01:57:08.167 bin.mt.file.content.MTDataFilesProvider
->d(0DBF.java:1)
vnd.android.document/directory
--------------------
01:57:08.170 bin.mt.file.content.MTDataFilesProvider
->d(0DBF.java:1)
vnd.android.document/directory
--------------------
01:57:08.172 bin.mt.file.content.MTDataFilesProvider
->d(0DBF.java:1)
vnd.android.document/directory
--------------------
01:57:08.174 bin.mt.file.content.MTDataFilesProvider
->d(0DBF.java:1)
vnd.android.document/directory
--------------------
01:57:08.933 bin.mt.file.content.MTDataFilesProvider
->d(0DBF.java:1)
vnd.android.document/directory
--------------------
01:57:08.934 bin.mt.file.content.MTDataFilesProvider
->d(0DBF.java:1)
vnd.android.document/directory
--------------------
01:57:08.934 bin.mt.file.content.MTDataFilesProvider
->d(0DBF.java:1)
vnd.android.document/directory
--------------------
01:57:08.935 bin.mt.file.content.MTDataFilesProvider
->d(0DBF.java:1)
vnd.android.document/directory
--------------------
01:57:08.935 bin.mt.file.content.MTDataFilesProvider
->d(0DBF.java:1)
vnd.android.document/directory
--------------------
01:57:08.936 bin.mt.file.content.MTDataFilesProvider
->d(0DBF.java:1)
vnd.android.document/directory
--------------------
01:57:08.936 bin.mt.file.content.MTDataFilesProvider
->d(0DBF.java:1)
vnd.android.document/directory
--------------------
01:57:08.953 bin.mt.file.content.MTDataFilesProvider
->d(0DBF.java:1)
vnd.android.document/directory
--------------------
01:57:08.957 bin.mt.file.content.MTDataFilesProvider
->d(0DBF.java:1)
vnd.android.document/directory
--------------------
01:57:08.962 bin.mt.file.content.MTDataFilesProvider
->d(0DBF.java:1)
vnd.android.document/directory
--------------------
01:57:08.966 bin.mt.file.content.MTDataFilesProvider
->d(0DBF.java:1)
vnd.android.document/directory
--------------------
01:57:08.970 bin.mt.file.content.MTDataFilesProvider
->d(0DBF.java:1)
vnd.android.document/directory
--------------------
01:57:08.974 bin.mt.file.content.MTDataFilesProvider
->d(0DBF.java:1)
vnd.android.document/directory
--------------------
01:57:10.317 bin.mt.file.content.MTDataFilesProvider
->d(0DBF.java:1)
application/octet-stream
--------------------
01:57:10.318 bin.mt.file.content.MTDataFilesProvider
->d(0DBF.java:1)
application/octet-stream
--------------------
01:57:10.318 bin.mt.file.content.MTDataFilesProvider
->d(0DBF.java:1)
application/octet-stream
--------------------
01:57:10.319 bin.mt.file.content.MTDataFilesProvider
->d(0DBF.java:1)
application/octet-stream
--------------------
01:57:10.319 bin.mt.file.content.MTDataFilesProvider
->d(0DBF.java:1)
application/octet-stream
--------------------
01:57:10.336 bin.mt.file.content.MTDataFilesProvider
->d(0DBF.java:1)
vnd.android.document/directory
--------------------
01:57:10.343 bin.mt.file.content.MTDataFilesProvider
->d(0DBF.java:1)
vnd.android.document/directory
--------------------
01:57:10.348 bin.mt.file.content.MTDataFilesProvider
->d(0DBF.java:1)
vnd.android.document/directory
--------------------
01:57:10.352 bin.mt.file.content.MTDataFilesProvider
->d(0DBF.java:1)
vnd.android.document/directory
--------------------
01:57:10.357 bin.mt.file.content.MTDataFilesProvider
->d(0DBF.java:1)
vnd.android.document/directory
--------------------
01:57:12.511 bin.mt.file.content.MTDataFilesProvider
->d(0DBF.java:1)
application/octet-stream
--------------------
01:57:12.545 bin.mt.file.content.MTDataFilesProvider
->d(0DBF.java:1)
application/octet-stream
--------------------
01:57:12.546 bin.mt.file.content.MTDataFilesProvider
->d(0DBF.java:1)
application/octet-stream
--------------------
01:57:12.546 bin.mt.file.content.MTDataFilesProvider
->d(0DBF.java:1)
application/octet-stream
--------------------
01:57:12.547 bin.mt.file.content.MTDataFilesProvider
->d(0DBF.java:1)
application/octet-stream
--------------------
01:57:12.548 bin.mt.file.content.MTDataFilesProvider
->d(0DBF.java:1)
application/octet-stream
--------------------
01:57:12.673 bin.mt.file.content.MTDataFilesProvider
->d(0DBF.java:1)
application/octet-stream
--------------------
01:57:12.750 bin.mt.file.content.MTDataFilesProvider
->d(0DBF.java:1)
application/octet-stream
--------------------
01:57:26.094 bin.mt.file.content.MTDataFilesProvider
->d(0DBF.java:1)
application/octet-stream
--------------------
01:57:26.098 bin.mt.file.content.MTDataFilesProvider
->d(0DBF.java:1)
application/octet-stream
--------------------
01:57:26.102 bin.mt.file.content.MTDataFilesProvider
->d(0DBF.java:1)
application/octet-stream
--------------------
01:57:26.102 bin.mt.file.content.MTDataFilesProvider
->d(0DBF.java:1)
application/octet-stream
--------------------
01:57:26.102 bin.mt.file.content.MTDataFilesProvider
->d(0DBF.java:1)
application/octet-stream
--------------------
01:57:26.102 bin.mt.file.content.MTDataFilesProvider
->d(0DBF.java:1)
application/octet-stream
--------------------
01:57:26.102 bin.mt.file.content.MTDataFilesProvider
->d(0DBF.java:1)
application/octet-stream
--------------------
01:57:26.109 bin.mt.file.content.MTDataFilesProvider
->d(0DBF.java:1)
vnd.android.document/directory
--------------------
01:57:26.110 bin.mt.file.content.MTDataFilesProvider
->d(0DBF.java:1)
application/octet-stream
--------------------
01:57:26.111 bin.mt.file.content.MTDataFilesProvider
->d(0DBF.java:1)
vnd.android.document/directory
--------------------
01:57:26.111 bin.mt.file.content.MTDataFilesProvider
->d(0DBF.java:1)
application/octet-stream
--------------------
01:57:26.112 bin.mt.file.content.MTDataFilesProvider
->d(0DBF.java:1)
application/octet-stream
--------------------
01:57:26.113 bin.mt.file.content.MTDataFilesProvider
->d(0DBF.java:1)
vnd.android.document/directory
--------------------
01:57:26.110 bin.mt.file.content.MTDataFilesProvider
->d(0DBF.java:1)
vnd.android.document/directory
--------------------
01:57:26.113 bin.mt.file.content.MTDataFilesProvider
->d(0DBF.java:1)
application/octet-stream
--------------------
01:57:26.115 bin.mt.file.content.MTDataFilesProvider
->d(0DBF.java:1)
application/octet-stream
--------------------
01:57:26.116 bin.mt.file.content.MTDataFilesProvider
->d(0DBF.java:1)
vnd.android.document/directory
--------------------
01:57:26.125 bin.mt.file.content.MTDataFilesProvider
->d(0DBF.java:1)
vnd.android.document/directory
--------------------
01:57:26.125 bin.mt.file.content.MTDataFilesProvider
->d(0DBF.java:1)
vnd.android.document/directory
--------------------
01:57:26.127 bin.mt.file.content.MTDataFilesProvider
->d(0DBF.java:1)
vnd.android.document/directory
--------------------
01:57:26.127 bin.mt.file.content.MTDataFilesProvider
->d(0DBF.java:1)
vnd.android.document/directory
--------------------
01:57:26.128 bin.mt.file.content.MTDataFilesProvider
->d(0DBF.java:1)
vnd.android.document/directory
--------------------
01:57:26.129 bin.mt.file.content.MTDataFilesProvider
->d(0DBF.java:1)
vnd.android.document/directory
--------------------
01:57:38.743 bin.mt.file.content.MTDataFilesProvider
->d(0DBF.java:1)
application/octet-stream
--------------------
01:57:38.746 bin.mt.file.content.MTDataFilesProvider
->d(0DBF.java:1)
application/octet-stream
--------------------
01:57:38.748 bin.mt.file.content.MTDataFilesProvider
->d(0DBF.java:1)
application/octet-stream
--------------------
01:57:38.752 bin.mt.file.content.MTDataFilesProvider
->d(0DBF.java:1)
application/octet-stream
--------------------
